database_complete_detailed,,,,,,,,,,,,,,,,,,,,,
database_complete_detailed,,,,,,,,,,,,,,,,,,,,,
Plant ID,Common Name,Scientific Name,Genus,Family,Arabic Name,Difficulty,Type,Pet Safe,Watering (Full),Light Requirement,Light Description,Soil Type,Temperature Range,Humidity,Fertilizer,Plant Info (English),Plant Info (Arabic),Cairo Suitability,Summer Care,Winter Care,Image URL
african_lily,African lily,Agapanthus,Agapanthus,Amaryllidaceae,زنبق أفريقيا,intermediate,flowering,yes,weekly: Water when top 2 inches are dry,bright_direct,Needs bright light to flower,well_draining_potting,15-30°C (optimal: 22°C),medium,monthly,A beautiful perennial flowering plant characterized by magnificent blue or white flowers appearing in spherical clusters on long stems. Its long green leaves resemble ribbons. A medium-difficulty plant that needs strong light for good flowering.,نبات معمر مزهر جميل يتميز بأزهاره الزرقاء أو البيضاء الرائعة التي تظهر في مجموعات كروية على سيقان طويلة. أوراقه الخضراء الطويلة تشبه الشريط. نبات متوسط الصعوبة يحتاج ضوء قوي للإزهار الجيد.,good,Water regularly during hot Cairo summers. Protect from harsh afternoon sun.,Reduce watering in cooler months. Maintain in bright location.,
aglaonema,Chinese Evergreen,Aglaonema commutatum,Aglaonema,Araceae,الخضرة الصينية,beginner,foliage,no,weekly: Water moderately. Avoid direct sun which burns leaves.,low_light,Low light tolerant. Perfect for offices and dark corners.,well_draining,16-30°C (optimal: 23°C),medium,monthly_growing_season,Beautiful patterned foliage. Extremely tolerant of low light and neglect.,أوراق جميلة منقوشة. متسامح جداً مع الضوء المنخفض والإهمال.,excellent,Keep in shaded areas. AC rooms are perfect.,Reduce watering. Keep in warm rooms away from drafts.,
aglaonema_brilliant,Aglaonema Brilliant,Aglaonema 'Brilliant',Aglaonema,Araceae,أجلونيما بريليانت,beginner,foliage,no,weekly: Water when top 2 inches of soil are dry. Keep soil lightly moist.,low_to_medium,"Tolerates low light well, but grows better in medium indirect light",well_draining_potting,15-30°C (optimal: 22°C),medium,monthly,"Aglaonema Brilliant is a dazzling indoor plant with shiny leaves featuring bright gradient colors of pink, red, and green. Its name reflects the attractive luster of its foliage. A tropical air-purifying plant, easy to care for and suitable for beginners. Tolerates low light conditions and grows slowly. Perfect for adding sparkle and color to offices and homes.",أجلونيما بريليانت نبات داخلي مبهر بأوراقه اللامعة ذات الألوان الزاهية المتدرجة من الوردي والأحمر والأخضر. اسمه يعكس بريق أوراقه الجذاب. نبات استوائي ينقي الهواء، سهل العناية ومناسب للمبتدئين. يتحمل ظروف الإضاءة المنخفضة وينمو ببطء. مثالي لإضافة بريق ولون للمكاتب والمنازل.,good,Water regularly during hot Cairo summers. Protect from harsh afternoon sun.,Reduce watering in cooler months. Maintain in bright location.,
aglaonema_pink_dalmatian,Aglaonema Pink Dalmatian,Aglaonema 'Pink Dalmatian',Aglaonema,Araceae,أجلونيما بينك دالماتيان,beginner,foliage,no,weekly: Water when top 2 inches of soil are dry. Keep soil lightly moist.,low_to_medium,"Tolerates low light well, but grows better in medium indirect light",well_draining_potting,15-30°C (optimal: 22°C),medium,monthly,"Aglaonema Pink Dalmatian is a distinctive indoor plant with leaves spotted in pink and green, resembling the spots of a Dalmatian dog. An easy-care plant ideal for beginners, it purifies the air and tolerates low light. Belonging to the Araceae family from Southeast Asia, it is a slow-growing plant that adds a unique aesthetic touch to interior spaces.",نبات أجلونيما بينك دالماتيان من النباتات الداخلية المميزة بأوراقها المرقطة باللون الوردي والأخضر، تشبه نقاط الكلب الدلماسي. نبات سهل العناية ومثالي للمبتدئين، ينقي الهواء ويتحمل الإضاءة المنخفضة. ينتمي لعائلة القلقاسية من جنوب شرق آسيا، وهو نبات بطيء النمو يضفي لمسة جمالية فريدة على المساحات الداخلية.,good,Water regularly during hot Cairo summers. Protect from harsh afternoon sun.,Reduce watering in cooler months. Maintain in bright location.,
aglaonema_pink_valentine,Aglaonema Pink Valentine,Aglaonema 'Pink Valentine',Aglaonema,Araceae,أجلونيما فالنتاين الوردي,beginner,foliage,no,weekly: Water when top 2 inches are dry.,medium_indirect,Adapts to various light conditions,well_draining,10-35°C (optimal: 22°C),medium,monthly,"The Aglaonema 'Pink Valentine' is a show-stopping indoor plant known for her striking pink and green foliage. With her bold colors and minimal care needs, this plant is perfect for brightening up your home or office space. Renowned for her air-purifying abilities, the Pink Aglaonema is a favorite among both beginners and seasoned plant lovers. Place her in indirect light and enjoy her vibrant charm year-round.",أجلونيما فالنتاين الوردي نبات داخلي لافت للنظر يُعرف بأوراقه الوردية والخضراء الجذابة. بفضل ألوانها الجريئة واحتياجاتها البسيطة للعناية، يعد هذا النبات مثالياً لإضفاء البهجة على منزلك أو مكتبك. تشتهر بقدرتها على تنقية الهواء، مما يجعلها مفضلة للمبتدئين ومحبي النباتات على حد سواء. ضعها في ضوء غير مباشر واستمتع بسحرها النابض بالحياة طوال العام.,excellent,Increase watering frequency in Cairo's hot summer. Provide shade from direct afternoon sun.,Reduce watering in winter. Protect from cold drafts.,
aglaonema_snow_white,Aglaonema Snow White,Aglaonema 'Snow White',Aglaonema,Araceae,أجلونيما سنو وايت,beginner,foliage,no,weekly: Water when top 2 inches of soil are dry. Keep soil lightly moist.,low_to_medium,"Tolerates low light well, but grows better in medium indirect light",well_draining_potting,15-30°C (optimal: 22°C),medium,monthly,"Aglaonema Snow White is a wonderful indoor plant featuring green leaves with silvery-white spots resembling falling snow. One of the most beautiful Aglaonema types for interior decoration, it is very easy to care for and suitable for beginners. It purifies the air of toxins and tolerates low light conditions, making it ideal for offices and apartments. Its growth is slow and does not require frequent pruning.",أجلونيما سنو وايت نبات داخلي رائع يتميز بأوراقه الخضراء مع بقع بيضاء فضية تشبه الثلج المتساقط. من أجمل أنواع الأجلونيما للزينة الداخلية، سهل العناية جداً ومناسب للمبتدئين. ينقي الهواء من السموم ويتحمل ظروف الإضاءة المنخفضة، مما يجعله مثالياً للمكاتب والشقق. نموه بطيء ولا يحتاج تقليماً متكرراً.,good,Water regularly during hot Cairo summers. Protect from harsh afternoon sun.,Reduce watering in cooler months. Maintain in bright location.,
aglaonema_snowflake,Aglaonema Snowflake,Aglaonema 'Snowflake',Aglaonema,Araceae,أجلونيما ندفة الثلج,beginner,foliage,no,weekly: Water when top 2 inches are dry.,medium_indirect,Adapts to various light conditions,well_draining,10-35°C (optimal: 22°C),medium,monthly,Aglaonema 'Snowflake' - Aglaonema 'Snowflake'. Easy-care plant perfect for beginners. Forgiving and adaptable.,أجلونيما ندفة الثلج - Aglaonema 'Snowflake'. نبات زينة داخلي جميل يضيف لمسة طبيعية للمكان. يحتاج لعناية منتظمة ومناسب للبيئة المصرية.,excellent,Increase watering frequency in Cairo's hot summer. Provide shade from direct afternoon sun.,Reduce watering in winter. Protect from cold drafts.,
aglaonema_super_red,Aglaonema Super Red,Aglaonema 'Super Red',Aglaonema,Araceae,أجلونيما سوبر ريد,beginner,foliage,no,weekly: Water when top 2 inches of soil are dry. Keep soil lightly moist.,low_to_medium,"Tolerates low light well, but grows better in medium indirect light",well_draining_potting,15-30°C (optimal: 22°C),medium,monthly,"Aglaonema Super Red is one of the most magnificent indoor ornamental plants with its bright red and pink colors mixed with green. It adds a dramatic and lively touch to any interior space. An easy-care tropical plant, it purifies the air and tolerates low light. The red colors become more distinct with better lighting. Perfect for modern decor and offices.",أجلونيما سوبر ريد من أروع نباتات الزينة الداخلية بألوانه الحمراء والوردية الزاهية المختلطة بالأخضر. يضفي لمسة دراماتيكية وحيوية على أي مساحة داخلية. نبات استوائي سهل العناية، ينقي الهواء ويتحمل الإضاءة المنخفضة. الألوان الحمراء تكون أكثر وضوحاً مع إضاءة أفضل. مثالي للديكور الحديث والمكاتب.,good,Water regularly during hot Cairo summers. Protect from harsh afternoon sun.,Reduce watering in cooler months. Maintain in bright location.,
aglaonema_super_white,Aglaonema Super White,Aglaonema 'Super White',Aglaonema,Araceae,أجلونيما سوبر وايت,beginner,foliage,no,weekly: Water when top 2 inches of soil are dry. Keep soil lightly moist.,low_to_medium,"Tolerates low light well, but grows better in medium indirect light",well_draining_potting,15-30°C (optimal: 22°C),medium,monthly,"Aglaonema Super White is an elegant indoor plant with stunning silvery-white leaves with green touches. One of the most beautiful and luxurious types of Aglaonema, adding brightness and purity to interior spaces. An air-purifying plant, easy to care for, and perfect for beginners. Tolerates low light and thrives in indoor environments. Suitable for high-end homes and offices.",أجلونيما سوبر وايت نبات داخلي أنيق بأوراقه البيضاء الفضية المذهلة مع لمسات خضراء. من أكثر أنواع الأجلونيما جمالاً وفخامة، يضيف إشراقة ونقاءً للمساحات الداخلية. نبات منقي للهواء، سهل الرعاية، ومثالي للمبتدئين. يتحمل الإضاءة المنخفضة ويزدهر في البيئات الداخلية. مناسب للمنازل والمكاتب الراقية.,good,Water regularly during hot Cairo summers. Protect from harsh afternoon sun.,Reduce watering in cooler months. Maintain in bright location.,
alocasia_amazonica,Alocasia Amazonica,Alocasia × amazonica,Alocasia,Araceae,ألوكاسيا أمازونيكا,advanced,tropical,no,twice_weekly: Keep evenly moist during growing season. Reduce in winter dormancy.,bright_indirect,Bright indirect light essential for healthy growth. Shield from direct sun.,well_draining,18-29°C (optimal: 24°C),high,bi_weekly_growing_season,Classic Alocasia with bold dark green leaves and prominent white veins. Impressive tropical statement.,ألوكاسيا كلاسيكية بأوراق خضراء داكنة جريئة وعروق بيضاء بارزة. بيان استوائي مثير.,challenging,Increase humidity significantly in Cairo summers (35-40°C). Water more frequently.,May enter dormancy in Cairo winters (10-20°C). Reduce watering and maintain warmth.,
alocasia_polly,Alocasia Polly,Alocasia amazonica 'Polly',Alocasia,Araceae,ألوكاسيا بولي,advanced,tropical,no,twice_weekly: Keep soil consistently moist but not soggy. Very sensitive to water quality.,bright_indirect,Bright indirect light essential. No direct sun or leaves will burn.,well_draining,18-29°C (optimal: 24°C),high,bi_weekly_growing_season,Compact variety with striking arrow-shaped leaves and white veins. Dramatic tropical beauty.,صنف مضغوط بأوراق مذهلة على شكل سهم وعروق بيضاء. جمال استوائي دراماتيكي.,challenging,High humidity crucial in Cairo's dry heat (35-40°C). Mist multiple times daily or use humidifier.,Keep warm above 18°C. Cairo winters (10-20°C) require careful temperature management.,
alocasia_silver_dragon,Alocasia Silver Dragon,Alocasia baginda 'Silver Dragon',Alocasia,Araceae,ألوكاسيا التنين الفضي,advanced,tropical,no,twice_weekly: Water when top 3-4cm is dry. Prefers filtered or distilled water.,bright_indirect,Bright filtered light shows off silvery texture. Avoid direct sun.,well_draining,18-27°C (optimal: 23°C),high,monthly_growing_season,Rare compact Alocasia with silvery-green textured leaves. Highly sought-after collector's plant.,ألوكاسيا نادرة مضغوطة بأوراق فضية-خضراء منقوشة. نبات مطلوب جداً للهواة.,very_challenging,Requires constant high humidity in Cairo's dry climate (35-40°C). Use pebble tray and humidifier.,Maintain warmth and humidity. Cairo's winter (10-20°C) can stress plant if below 18°C.,
aloe_black_gem,Aloe Black Gem,Aloe 'Black Gem',Aloe,Asphodelaceae,صبار الجوهرة السوداء,beginner,succulent,no,every_2_weeks: Water deeply but infrequently. Let soil dry completely.,bright_indirect,"Needs bright light, can handle some direct sun",cactus_succulent,10-35°C (optimal: 22°C),low,rarely,"Aloe Black Gem is a unique ornamental cactus distinguished by its dark green color tending towards black or violet. A compact and elegant succulent plant with thick, toothed, and shiny leaves. Very easy to care for and perfect for beginners; it withstands drought and neglect. Purifies the air and adds an elegant modern touch to the decor. Grows slowly and does not require frequent watering. Very suitable for Cairo's climate.",ألوي بلاك جيم صبار زينة فريد ومميز بلونه الأخضر الداكن المائل للأسود أو البنفسجي. نبات عصاري مدمج وأنيق، أوراقه سميكة مسننة ولامعة. سهل جداً في العناية ومثالي للمبتدئين، يتحمل الجفاف والإهمال. ينقي الهواء ويضيف لمسة عصرية أنيقة للديكور. ينمو ببطء ولا يحتاج ري متكرر. مناسب جداً لمناخ القاهرة.,good,Water regularly during hot Cairo summers. Protect from harsh afternoon sun.,Reduce watering in cooler months. Maintain in bright location.,
aloe_brevifolia,Short-Leaved Aloe,Aloe brevifolia,Aloe,Asphodelaceae,ألوة قصيرة الأوراق,beginner,succulent,no,every_2_weeks: Water deeply but infrequently. Let soil dry completely.,bright_indirect,"Needs bright light, can handle some direct sun",cactus_succulent,10-35°C (optimal: 22°C),low,rarely,"Aloe Brevifolia is a beautiful ornamental cactus characterized by short, thick, triangular leaves with toothed edges. It grows in compact rosettes, colored gray-green with orange touches at the leaf tips when exposed to the sun. A very easy succulent perfect for beginners; withstands drought and neglect. Grows slowly forming beautiful small clusters. Suitable for small pots and rock gardens.",ألوي بريفيفوليا صبار زينة جميل يتميز بأوراقه القصيرة السميكة المثلثة ذات الحواف المسننة. ينمو على شكل وريدات مدمجة، ولونه أخضر رمادي مع لمسات برتقالية في أطراف الأوراق عند التعرض للشمس. نبات عصاري سهل جداً ومثالي للمبتدئين، يتحمل الجفاف والإهمال. ينمو ببطء ويشكل مجموعات صغيرة جميلة. مناسب للأصص الصغيرة والحدائق الصخرية.,good,Water regularly during hot Cairo summers. Protect from harsh afternoon sun.,Reduce watering in cooler months. Maintain in bright location.,
aloe_humilis,Spider Aloe,Aloe humilis,Aloe,Asphodelaceae,ألوة العنكبوت,beginner,succulent,no,every_2_weeks: Water deeply but infrequently. Let soil dry completely.,bright_indirect,"Needs bright light, can handle some direct sun",cactus_succulent,10-35°C (optimal: 22°C),low,rarely,"Aloe humilis (The Humble Aloe) is a small, beautiful succulent with blue-green leaves arranged in compact rosettes. Its leaves are toothed with soft white spines, and it blooms with beautiful orange-pink flowers in spring. A very easy plant perfect for beginners, growing slowly and propagating by offsets. Suitable for small pots and tight spaces. Withstands drought and neglect. Ideal for Cairo's hot climate.",ألوي هوميليس (الصبار المتواضع) نبات عصاري صغير الحجم جميل بأوراقه الخضراء المزرقة المرتبة في وريدات مدمجة. أوراقه مسننة بأسنان بيضاء ناعمة، ويزهر بأزهار برتقالية وردية جميلة في الربيع. نبات سهل جداً ومثالي للمبتدئين، ينمو ببطء ويتكاثر بالخلفات. مناسب للأصص الصغيرة والمساحات الضيقة. يتحمل الجفاف والإهمال. مثالي لمناخ القاهرة الحار.,good,Water regularly during hot Cairo summers. Protect from harsh afternoon sun.,Reduce watering in cooler months. Maintain in bright location.,
alpinia_variegated,Variegated Shell Ginger,Alpinia sp.,Alpinia,Zingiberaceae,زنجبيل الصدف المبرقش,intermediate,foliage,yes,weekly: Water when top 2 inches are dry,bright_indirect,Prefers bright indirect light,well_draining_potting,15-30°C (optimal: 22°C),medium,monthly,"Variegated Alpinia is a stunning tropical plant from the ginger family, featuring long leaves striped with yellow or white lines on dark green. A plant with upright cane-like stems and very attractive shiny leaves. Grows moderately reaching a medium height. Loves humidity and good lighting. A luxurious ornamental plant that adds an elegant tropical touch to interior spaces. May bloom with beautiful fragrant flowers.",ألبينيا المبرقشة نبات استوائي مذهل من عائلة الزنجبيل، يتميز بأوراقه الطويلة المخططة بخطوط صفراء أو بيضاء على أخضر داكن. نبات سيقانه قائمة تشبه القصب، وأوراقه لامعة وجذابة جداً. ينمو بشكل معتدل ويصل لارتفاع متوسط. يحب الرطوبة والإضاءة الجيدة. نبات زينة فاخر يضيف لمسة استوائية أنيقة للمساحات الداخلية. قد يزهر بأزهار عطرية جميلة.,good,Water regularly during hot Cairo summers. Protect from harsh afternoon sun.,Reduce watering in cooler months. Maintain in bright location.,
american_aloe,American Aloe,Agave americana,Agave,Asparagaceae,الصبار الأمريكي,beginner,succulent,no,every_2_weeks: Water deeply but infrequently. Let soil dry completely.,bright_indirect,"Needs bright light, can handle some direct sun",cactus_succulent,10-35°C (optimal: 22°C),low,rarely,"American Aloe (Agave Americana) is not actually a true aloe but an Agave. A huge majestic succulent with thick, long blue-green leaves toothed with sharp spines. A very strong plant that withstands drought and extreme heat, perfect for outdoor gardens and spacious balconies. Grows slowly but reaches a large size. Blooms once in its life with a huge flower spike then dies. A stunning architectural ornamental plant.",الصبار الأمريكي (أجاف أمريكانا) في الحقيقة ليس صباراً حقيقياً بل أجاف، نبات عصاري ضخم مهيب بأوراقه الخضراء المزرقة السميكة الطويلة المسننة بأشواك حادة. نبات قوي جداً يتحمل الجفاف والحرارة الشديدة، مثالي للحدائق الخارجية والشرفات الواسعة. ينمو ببطء لكن يصل لحجم كبير. يزهر مرة واحدة في حياته بشمراخ زهري ضخم ثم يموت. نبات زينة معماري مذهل.,good,Water regularly during hot Cairo summers. Protect from harsh afternoon sun.,Reduce watering in cooler months. Maintain in bright location.,
areca_palm,Areca Palm,Dypsis lutescens,Dypsis,Arecaceae,نخلة أريكا,intermediate,palm,yes,weekly: Keep soil evenly moist but not waterlogged. Sensitive to both over and under-watering.,bright_indirect,Bright indirect light essential. Direct sun scorches leaves.,well_draining,18-30°C (optimal: 24°C),high,monthly_growing_season,Popular feathery palm with golden-yellow stems. Excellent air purifier and humidifier.,نخلة ريشية شائعة بسيقان صفراء ذهبية. منقي هواء ومرطب ممتاز.,moderate,Needs regular misting for humidity. Protect from hot dry air. Water frequently.,Reduce watering slightly. Maintain warmth and humidity.,
arrowhead_vine,Arrowhead Vine,Syngonium podophyllum,Syngonium,Araceae,نبات رأس السهم,beginner,tropical,no,weekly: Keep evenly moist. Water when top 2-3cm is dry.,bright_indirect,Bright indirect light. Lower light causes leggy growth.,well_draining,16-30°C (optimal: 23°C),medium,monthly_growing_season,Versatile climber with arrow-shaped leaves. Easy care and fast growing.,متسلق متعدد الاستخدامات بأوراق على شكل سهم. سهل العناية وسريع النمو.,good,Increase watering and humidity. Mist regularly.,Reduce watering. Keep away from cold windows.,
bamboo_palm,Bamboo Palm,Chamaedorea seifrizii,Chamaedorea,Arecaceae,نخلة الخيزران,beginner,palm,yes,weekly: Keep soil evenly moist during growing season. Reduce in winter.,bright_indirect,Thrives in medium to bright indirect light. Tolerates low light better than most palms.,well_draining,16-30°C (optimal: 24°C),medium,monthly_growing_season,Graceful clustering palm with bamboo-like stems. Excellent air purifier and low-light tolerant.,نخلة أنيقة ذات سيقان تشبه الخيزران. منقي هواء ممتاز ومتحملة للضوء المنخفض.,good,Regular watering. Mist occasionally for humidity. Protect from direct sun.,Reduce watering. Maintain warmth above 16°C.,
birds_nest_fern,Bird's Nest Fern,Asplenium nidus,Asplenium,Aspleniaceae,سرخس عش الطائر,intermediate,fern,yes,"weekly: Keep soil consistently moist but not waterlogged. Water around edges, not center.",bright_indirect,Low to medium indirect light. Direct sun burns fronds.,moisture_retaining,16-27°C (optimal: 21°C),high,monthly_diluted,Tropical fern with glossy rippled fronds forming a nest shape. Loves humidity.,سرخس استوائي بأوراق لامعة متموجة تشكل شكل عش. يحب الرطوبة.,moderate,Challenging in dry heat. Needs high humidity from humidifier or frequent misting.,Easier in cooler months. Maintain warmth and humidity.,
birds_of_paradise,Bird of Paradise,Strelitzia reginae,Strelitzia,Strelitziaceae,طائر الجنة,intermediate,tropical,no,weekly: Regular watering during growing season. Allow slight drying between waterings.,bright_direct,"Needs very bright light, including some direct sun, for blooming.",well_draining,10-32°C (optimal: 24°C),medium,bi_weekly_growing_season,Dramatic tropical plant with large banana-like leaves. Produces spectacular orange and blue flowers.,نبات استوائي درامي بأوراق كبيرة تشبه الموز. ينتج أزهار برتقالية وزرقاء مذهلة.,good,Thrives in heat. Regular watering and full sun exposure. May flower with maturity.,Reduce watering. Can tolerate cooler temperatures down to 10°C.,
bromeliad,Bromeliad,Bromeliaceae spp.,Bromeliaceae,Bromeliaceae,بروميليا,intermediate,tropical,yes,weekly: Water when top 2-3cm of soil is dry. Keep soil slightly moist.,bright_indirect,Prefers bright indirect light,well_draining,15-30°C (optimal: 22°C),medium,monthly,"Bring a vibrant touch to your indoor space with the stunning Bromeliad (Vriesea). Known for her colorful, long-lasting bracts in shades of red, yellow, or orange, this tropical beauty adds an exotic feel to any home. Perfect for brightening up shelves, desks, or corners with indirect light, the Bromeliad is both low-maintenance and captivating.",بروميليا (فريسيا) تضفي لمسة نابضة بالحياة على مساحتك الداخلية. تشتهر بقناباتها الملونة التي تدوم طويلاً بظلال من الأحمر أو الأصفر أو البرتقالي. يضيف هذا الجمال الاستوائي شعوراً غريباً ومميزاً لأي منزل. مثالية لإضاءة الرفوف أو المكاتب أو الزوايا ذات الضوء غير المباشر، وهي نبتة آسرة وقليلة الصيانة.,good,Increase watering frequency in Cairo's hot summer. Provide shade from direct afternoon sun.,Reduce watering in winter. Protect from cold drafts.,
bunny_ear_cactus,Bunny Ear Cactus,Opuntia microdasys,Opuntia,Cactaceae,صبار آذان الأرنب,beginner,succulent,yes,every_3_weeks: Water sparingly. Let soil dry completely between waterings.,bright_direct,"Needs lots of bright light, loves direct sun",cactus_succulent,10-40°C (optimal: 25°C),low,rarely,"The Bunny Ear Cactus is a distinctive desert plant belonging to the cactus family, characterized by soft white spines resembling rabbit fur. It is an easy-care plant ideal for beginners in raising desert plants.",صبار آذان الأرنب هو نبات صحراوي مميز ينتمي لعائلة الصباريات، يتميز بأشواكه الناعمة البيضاء التي تشبه فراء الأرنب، وهو من النباتات سهلة العناية والمثالية للمبتدئين في تربية النباتات الصحراوية.,good,Water regularly during hot Cairo summers. Protect from harsh afternoon sun.,Reduce watering in cooler months. Maintain in bright location.,
burgundy_flamingo_flower,Burgundy Flamingo Flower,Anthurium andraeanum,Anthurium,Araceae,أنثوريوم برغندي,intermediate,flowering,no,twice_weekly: Keep soil consistently moist during blooming season.,bright_indirect,Bright indirect light for best flowering,well_draining,15-30°C (optimal: 22°C),high,monthly,Burgundy Flamingo Flower - Anthurium andraeanum 'Burgundy'. Moderate care requirements with rewarding growth.,أنثوريوم برغندي - Anthurium andraeanum 'Burgundy'. نبات زينة داخلي جميل يضيف لمسة طبيعية للمكان. يحتاج لعناية منتظمة ومناسب للبيئة المصرية.,good,Increase watering frequency in Cairo's hot summer. Provide shade from direct afternoon sun.,Reduce watering in winter. Protect from cold drafts.,
bushveld_kalanchoe,Bushveld Kalanchoe,Kalanchoe thyrsiflora,Kalanchoe,Crassulaceae,كالانشو بوشفيلد,beginner,succulent,yes,every_2_weeks: Water when soil is completely dry. Less in winter.,bright_indirect,Needs bright light to thrive,cactus_succulent,10-35°C (optimal: 22°C),low,rarely,"Bushveld Kalanchoe (Kalanchoe thyrsiflora), known as the Paddle Plant for its thick round leaves resembling paddles. Its leaves are grey-green covered with a white waxy layer, and have beautiful red edges. Grows in elegant flat rosettes. A very easy plant perfect for beginners; withstands drought and neglect. May bloom with a long spike of beautiful yellow flowers. Perfect for modern decor.",كالانشو بوشفيلد (كالانكو ثيرسيفلورا) نبات عصاري جميل يُعرف باسم نبات المجداف لأوراقه السميكة المستديرة التي تشبه المجداف. أوراقه رمادية خضراء مغطاة بطبقة شمعية بيضاء، وحوافها حمراء جميلة. ينمو في وريدات مسطحة أنيقة. نبات سهل جداً ومثالي للمبتدئين، يتحمل الجفاف والإهمال. قد يزهر بشمراخ طويل من أزهار صفراء جميلة. مثالي للديكور العصري.,good,Water regularly during hot Cairo summers. Protect from harsh afternoon sun.,Reduce watering in cooler months. Maintain in bright location.,
cactus_ball_gymnocalycium,Cactus ball Gymnocalycium,Gymnocalycium mihanovichii,Gymnocalycium,Cactaceae,صبار الكرة المطعّم,beginner,succulent,yes,every_3_weeks: Water sparingly. Let soil dry completely between waterings.,bright_direct,"Needs lots of bright light, loves direct sun",cactus_succulent,10-40°C (optimal: 25°C),low,rarely,"The Grafted Ball Cactus is a unique plant with a beautiful spherical shape, often coming in bright colors (red, yellow, orange) grafted onto a green rootstock. It is a wonderful ornamental cactus that adds cheerful color to any place, requiring slightly special care due to its grafted nature.",صبار الكرة المطعّم هو نبات فريد ذو شكل كروي جميل، غالباً ما يأتي بألوان زاهية (أحمر، أصفر، برتقالي) مطعّم على جذر أخضر. إنه صبار زينة رائع يضيف لوناً مبهجاً لأي مكان، ويحتاج لعناية خاصة قليلاً بسبب طبيعته المطعّمة.,good,Water regularly during hot Cairo summers. Protect from harsh afternoon sun.,Reduce watering in cooler months. Maintain in bright location.,
calathea,Calathea Peacock,Calathea makoyana,Calathea,Marantaceae,كلاثيا الطاؤوس,advanced,tropical,yes,twice_weekly: Keep soil moist but not soggy. Use filtered or distilled water.,medium_indirect,Indirect light only. Direct sun burns delicate leaves.,moisture_retaining,18-28°C (optimal: 23°C),high,bi_weekly_growing_season,Stunning patterned leaves that fold up at night. Prefers high humidity.,أوراق منقوشة مذهلة تنطوي ليلاً. يفضل رطوبة عالية.,poor,Challenging in dry heat. Needs humidifier and frequent misting.,Easier in winter humidity. Keep warm and away from heaters.,
cambodian_dragon_tree,Cambodian Dragon Tree,Dracaena cambodiana,Dracaena,Asparagaceae,دراسينا كمبودية,beginner,tropical,no,weekly: Water when top 2-3cm of soil is dry. Keep soil slightly moist.,bright_indirect,Prefers bright indirect light,well_draining,10-35°C (optimal: 22°C),medium,monthly,"tall, airy, and naturally elegant. he grows slim trunks topped with long, soft, sword-like leaves that give him a calm tropical look. he's low fuss, adaptable, and perfect for bright corners.",شجرة التنين (دراسينا مارجيناتا) نبات طويل، ذو طابع هوائي وأنيق بشكل طبيعي. ينمو بسيقان نحيلة تعلوها أوراق طويلة وناعمة تشبه السيف تمنحه مظهراً استوائياً هادئاً. نبات قليل المتاعب، قابل للتكيف، ومثالي للزوايا المشرقة.,excellent,Increase watering frequency in Cairo's hot summer. Provide shade from direct afternoon sun.,Reduce watering in winter. Protect from cold drafts.,
canary_dragon_tree,Canary Dragon Tree,Dracaena draco,Dracaena,Asparagaceae,دراسينا جزر الكناري,intermediate,tropical,no,weekly: Water when top 2-3cm of soil is dry. Keep soil slightly moist.,bright_indirect,Prefers bright indirect light,well_draining,15-30°C (optimal: 22°C),medium,monthly,"bold, sculptural, and a little dramatic. he grows strong, upright swirly trunks crowned with spiky leaves. slow growing but incredibly striking, he bring a clean, architectural feel to any bright room. super tough and very rewarding for plant lovers.",شجرة التنين النحتية نبات جريء، ذو شكل نحتي ودرامي قليلاً. ينمو بسيقان قوية، منتصبة وملتوية تعلوها أوراق مدببة. بطيء النمو لكنه لافت للنظر بشكل لا يصدق، ويضفي طابعاً معمارياً نظيفاً على أي غرفة مشرقة. قوي للغاية ومجزٍ جداً لمحبي النباتات.,good,Increase watering frequency in Cairo's hot summer. Provide shade from direct afternoon sun.,Reduce watering in winter. Protect from cold drafts.,
chamaedorea_palm,Parlor Palm,Chamaedorea elegans,Chamaedorea,Arecaceae,نخيل الصالون,intermediate,palm,yes,weekly: Keep soil evenly moist but not waterlogged.,bright_indirect,Bright indirect light essential,well_draining,15-30°C (optimal: 22°C),high,monthly,"The Parlor Palm is a classic indoor favorite known for its elegant, feathery green fronds that thrive in low light. It grows in attractive clumps and remains relatively compact, making it perfect for tabletops and corners. An excellent air purifier and completely non-toxic to pets, making it a safe choice for homes with cats and dogs. It brings a sophisticated tropical vibe with very little maintenance.",نخيل الصالون (كاميدوريا) هو نبات داخلي كلاسيكي مفضل يُعرف بأوراقه الريشية الخضراء الأنيقة التي تزدهر في الإضاءة المنخفضة. ينمو في مجموعات جذابة ويظل حجمه مدمجاً نسبياً، مما يجعله مثالياً للطاولات والزوايا. منقي ممتاز للهواء وغير سام تماماً للحيوانات الأليفة، مما يجعله خياراً آمناً للمنازل التي بها قطط وكلاب. يضفي طابعاً استوائياً راقياً مع احتياج قليل جداً للصيانة.,good,Increase watering frequency in Cairo's hot summer. Provide shade from direct afternoon sun.,Reduce watering in winter. Protect from cold drafts.,
christmas_cactus,Christmas Cactus,Schlumbergera truncata,Schlumbergera,Cactaceae,صبار الكريسماس,beginner,succulent,yes,weekly: Keep evenly moist when blooming. Reduce after flowering.,bright_indirect,Bright indirect light. Needs long dark nights (12-14 hours) to trigger blooming.,cactus_mix,13-24°C (optimal: 18°C),medium,monthly_growing_season,"care level: moderate, steady and tough but prefers good light and careful watering.",عصاري مزهر شائع بأوراق مجزأة. يزهر في الشتاء مع العناية المناسبة.,good,Rest period. Reduce watering and fertilizer. Keep in shade.,Flowering period. Regular watering and bright indirect light.,
christmas_poinsettia,Christmas Poinsettia,Euphorbia pulcherrima,Euphorbia,Euphorbiaceae,بنت القنصل,beginner,succulent,yes,every_2_weeks: Water when soil is completely dry. Less in winter.,bright_indirect,Needs bright light to thrive,cactus_succulent,10-35°C (optimal: 22°C),low,rarely,"Poinsettia is a very famous seasonal ornamental plant associated with Christmas and winter. Its upper leaves (bracts) are bright red (or white or pink) resembling a star, while the true flowers are small and yellow in the center. A very beautiful plant but requires special care to maintain its color and re-bloom. Relatively easy but sensitive to overwatering. Adds festive joy to homes. Toxic to pets.",بنت القنصل (بونسيتيا) نبات زينة موسمي شهير جداً يرتبط بأعياد الميلاد والشتاء. أوراقه العلوية (bracts) حمراء زاهية (أو بيضاء أو وردية) تشبه النجمة، بينما الأزهار الحقيقية صغيرة صفراء في الوسط. نبات جميل جداً لكنه يحتاج رعاية خاصة للحفاظ على لونه وإعادة إزهاره. سهل نسبياً لكن حساس للري الزائد. يضيف بهجة احتفالية للمنازل. سام للحيوانات الأليفة.,good,Water regularly during hot Cairo summers. Protect from harsh afternoon sun.,Reduce watering in cooler months. Maintain in bright location.,
coppertone_sedum,Coppertone Sedum,Sedum nussbaumerianum,Sedum,Crassulaceae,سيدوم النحاس,beginner,succulent,yes,every_2_weeks: Water when soil is completely dry. Less in winter.,bright_indirect,Needs bright light to thrive,cactus_succulent,10-35°C (optimal: 22°C),low,rarely,"Coppertone Sedum is a beautiful succulent distinguished by fleshy leaves with a stunning copper-bronze color, especially when exposed to sufficient sun. It is a fast-growing and easy-care plant, perfect for beginners, adding wonderful warm colors to a plant collection.",سيدوم النحاس هو نبات عصاري جميل يتميز بأوراقه اللحمية ذات اللون البرونزي النحاسي المذهل، خاصة عند تعرضه للشمس الكافية. إنه نبات سريع النمو وسهل العناية، مثالي للمبتدئين ويضيف ألواناً دافئة رائعة للمجموعة النباتية.,good,Water regularly during hot Cairo summers. Protect from harsh afternoon sun.,Reduce watering in cooler months. Maintain in bright location.,
corsican_stonecrop,Corsican Stonecrop,Sedum dasyphyllum,Sedum,Crassulaceae,سيدوم كورسيكي,beginner,succulent,yes,bi_weekly: Water when completely dry. Very drought tolerant once established.,bright_indirect,Bright light with some morning sun. Can tolerate partial shade.,cactus_mix,5-30°C (optimal: 21°C),low,monthly_diluted,"Tiny blue-green succulent with pearl-like leaves. Forms dense mats, perfect for miniature gardens.",عصاري صغير أزرق-أخضر بأوراق تشبه اللؤلؤ. يشكل سجاد كثيف، مثالي للحدائق المصغرة.,excellent,Can handle heat. Water sparingly. Morning sun with afternoon shade ideal.,Very cold hardy. Minimal watering. Can tolerate temperatures near freezing.,
crassula_perforata,String of Buttons,Crassula perforata,Crassula,Crassulaceae,عقد الأزرار (كراسولا),beginner,succulent,yes,every_2_weeks: Water when soil is completely dry. Less in winter.,bright_indirect,Needs bright light to thrive,cactus_succulent,10-35°C (optimal: 22°C),low,rarely,"Crassula Perforata is a unique succulent characterized by stacked triangular leaves that look as if they are pierced by the stem, giving it a distinctive chain-like appearance. The leaves are green with beautiful pink edges; it is an easy-care plant that adds an interesting architectural shape.",كراسولا المخرّمة هي نبات عصاري فريد يتميز بأوراقه الثلاثية المتراصة التي تبدو وكأنها مثقوبة بالساق، مما يعطيها مظهر السلسلة المميز. الأوراق خضراء مع حواف وردية جميلة، وهو نبات سهل العناية يضيف شكلاً معمارياً مثيراً للاهتمام.,good,Water regularly during hot Cairo summers. Protect from harsh afternoon sun.,Reduce watering in cooler months. Maintain in bright location.,
crassula_tetragona,Mini Pine Tree,Crassula tetragona,Crassula,Crassulaceae,شجرة الصنوبر القزمية,beginner,succulent,yes,every_2_weeks: Water when soil is completely dry. Less in winter.,bright_indirect,Needs bright light to thrive,cactus_succulent,10-35°C (optimal: 22°C),low,rarely,"Miniature Pine Tree Crassula is a unique succulent characterized by slender tubular leaves stacked on branching stems resembling a miniature pine tree. It is an easy-care and relatively fast-growing plant, perfect for adding height and variety in shape to a succulent collection.",كراسولا الصنوبر المصغّر هي نبات عصاري فريد يتميز بأوراقه الأنبوبية الرفيعة المتراصة على سيقان متفرعة تشبه شجرة صنوبر مصغرة. إنه نبات سهل العناية وسريع النمو نسبياً، مثالي لإضافة ارتفاع وتنوع في الشكل لمجموعة النباتات العصارية.,good,Water regularly during hot Cairo summers. Protect from harsh afternoon sun.,Reduce watering in cooler months. Maintain in bright location.,
croton,Croton,Codiaeum variegatum,Codiaeum,Euphorbiaceae,كروتون,intermediate,foliage,no,weekly: Moderate watering. Keep soil consistently moist but not waterlogged.,bright_direct,Needs bright light for vibrant colors. Can handle some direct sun.,well_draining,18-32°C (optimal: 25°C),high,monthly_growing_season,Colorful foliage plant. Needs bright light to maintain vibrant colors.,نبات أوراق ملونة. يحتاج ضوء ساطع للحفاظ على الألوان الزاهية.,moderate,Perfect for bright sunny spots. Increase humidity with misting.,Protect from cold. May lose some color in lower light.,
desert_cabbage,Desert Cabbage,Kalanchoe luciae,Kalanchoe,Crassulaceae,كرنب الصحراء,beginner,succulent,yes,every_2_weeks: Water when soil is completely dry. Less in winter.,bright_indirect,Needs bright light to thrive,cactus_succulent,10-35°C (optimal: 22°C),low,rarely,"Desert Cabbage is a stunning succulent characterized by large round leaves arranged in a rosette shape, blue-green in color with beautiful red edges. It is an easy-care and slow-growing plant, adding a distinctive architectural shape ideal for modern interior decor.",كرنب الصحراء هو نبات عصاري مذهل يتميز بأوراقه الكبيرة المستديرة المرتبة في شكل وردة، ذات لون أخضر مزرق مع حواف حمراء جميلة. إنه نبات سهل العناية وبطيء النمو، يضيف شكلاً معمارياً مميزاً ومثالياً للديكور الداخلي الحديث.,good,Water regularly during hot Cairo summers. Protect from harsh afternoon sun.,Reduce watering in cooler months. Maintain in bright location.,
dieffenbachia_camille,Dieffenbachia Camille,Dieffenbachia seguine 'Camille',Dieffenbachia,Araceae,ديفنباخيا كاميل,intermediate,foliage,yes,weekly: Water when top 2 inches are dry,bright_indirect,Prefers bright indirect light,well_draining_potting,15-30°C (optimal: 22°C),medium,monthly,"Dieffenbachia Camille is a stunning indoor plant characterized by beautiful large leaves with a creamy white center and dark green edges. It is an easy-care plant and an excellent air purifier, perfect for beginners. Warning: The plant is toxic if swallowed and causes irritation to the mouth and throat.",ديفنباخيا كاميل هي نبات داخلي مذهل يتميز بأوراقه الكبيرة الجميلة ذات المركز الكريمي الأبيض مع حواف خضراء داكنة. إنه نبات سهل العناية ومنقي ممتاز للهواء، مثالي للمبتدئين. تحذير: النبات سام إذا ابتُلع ويسبب تهيج الفم والحلق.,good,Water regularly during hot Cairo summers. Protect from harsh afternoon sun.,Reduce watering in cooler months. Maintain in bright location.,
dracaena_compacta,Dracaena Compacta,Dracaena deremensis,Dracaena,Asparagaceae,دراسينا مدمجة,beginner,tropical,no,bi_weekly: Allow soil to dry partially between waterings. Sensitive to fluoride.,low_light,Excellent low-light plant. Adapts to various light conditions.,well_draining,16-27°C (optimal: 22°C),low,monthly_growing_season,Compact slow-growing dracaena with dark green glossy leaves. Perfect for small spaces.,دراسينا مدمجة بطيئة النمو بأوراق خضراء داكنة لامعة. مثالية للمساحات الصغيرة.,excellent,Moderate watering. Can handle indoor heat well. Use filtered water.,Reduce watering. Very tolerant of indoor conditions.,
dracaena_glauca,Dracaena Glauca,Dracaena glauca,Dracaena,Asparagaceae,دراسينا الأزرق المخضر,beginner,foliage,no,weekly: Water when top 3 inches are dry. Don't overwater.,medium_indirect,Tolerates a range of light conditions,well_draining_potting,15-30°C (optimal: 22°C),medium,monthly,"Dracaena Glauca is a distinctive indoor plant characterized by long, slender beautiful blue-green leaves. It is a strong and easy-care plant, adding a soft texture and unique color to interior decor. A good air purifier and ideal for modern spaces.",دراسينا الأزرق المخضر هي نبات داخلي مميز يتميز بأوراقه الطويلة الرفيعة ذات اللون الأخضر المزرق الجميل. إنه نبات قوي وسهل العناية، يضيف ملمساً ناعماً ولوناً فريداً للديكور الداخلي، ومنقي جيد للهواء ومثالي للمساحات الحديثة.,good,Water regularly during hot Cairo summers. Protect from harsh afternoon sun.,Reduce watering in cooler months. Maintain in bright location.,
dracaena_jamaica,Song of Jamaica,Dracaena reflexa,Dracaena,Asparagaceae,أغنية جامايكا (دراسينا),beginner,foliage,no,weekly: Water when top 3 inches are dry. Don't overwater.,medium_indirect,Tolerates a range of light conditions,well_draining_potting,15-30°C (optimal: 22°C),medium,monthly,"Dracaena Jamaica is an elegant indoor plant characterized by long dark green leaves with yellow and light green stripes on the edges. It is a strong, easy-care plant and an excellent air purifier, adding height and a sophisticated tropical presence to interior decor.",دراسينا جامايكا هي نبات داخلي أنيق يتميز بأوراقه الطويلة الخضراء الداكنة مع خطوط صفراء وخضراء فاتحة على الحواف. إنه نبات قوي وسهل العناية ومنقي ممتاز للهواء، يضيف ارتفاعاً وحضوراً استوائياً راقياً للديكور الداخلي.,good,Water regularly during hot Cairo summers. Protect from harsh afternoon sun.,Reduce watering in cooler months. Maintain in bright location.,
dracaena_lemon_lime,Dracaena Lemon Lime,Dracaena fragrans,Dracaena,Asparagaceae,دراسينا الليمون والليم,beginner,foliage,no,weekly: Water when top 3 inches are dry. Don't overwater.,medium_indirect,Tolerates a range of light conditions,well_draining_potting,15-30°C (optimal: 22°C),medium,monthly,"Dracaena Lemon Lime is a cheerful indoor plant characterized by long slender leaves with bright green, yellow, and lime stripes. It is an excellent air purifier and very easy to care for, adding bright and cheerful colors to any place and perfect for beginners.",دراسينا الليمون والليم هي نبات داخلي مبهج يتميز بأوراقه الطويلة الرفيعة ذات الخطوط الخضراء والصفراء والليمونية الزاهية. إنه نبات منقي ممتاز للهواء وسهل العناية جداً، يضيف ألواناً مشرقة ومبهجة لأي مكان ومثالي للمبتدئين.,good,Water regularly during hot Cairo summers. Protect from harsh afternoon sun.,Reduce watering in cooler months. Maintain in bright location.,
echeveria,Echeveria,Echeveria spp.,Echeveria,Crassulaceae,إيكيفيريا,beginner,succulent,yes,bi_weekly: Soak and dry method. Water deeply then let soil dry completely.,bright_direct,"Needs bright light, prefers several hours of direct sun for compact growth.",cactus_mix,10-35°C (optimal: 21°C),low,monthly_diluted,Beautiful rosette-forming succulent with fleshy leaves. Perfect for bright windowsills.,عصاري جميل يشكل وردة بأوراق لحمية. مثالي لنوافذ مشمسة.,excellent,Can handle heat well. Ensure good airflow. Water sparingly.,Active growth period. Provide maximum light. Minimal watering.,
elephant_bush,Elephant Bush,Portulacaria afra,Portulacaria,Didiereaceae,شجرة الفيل المصغّرة,beginner,succulent,yes,every_2_weeks: Water when soil is completely dry. Less in winter.,bright_indirect,Needs bright light to thrive,cactus_succulent,10-35°C (optimal: 22°C),low,rarely,"The Miniature Elephant Bush is a wonderful succulent characterized by branching stems and small, round, shiny green leaves. It is a fast-growing and very easy-care plant, resembling a miniature bonsai tree, perfect for beginners and for shaping into different forms.",شجرة الفيل المصغّرة هي نبات عصاري رائع يتميز بسيقانه المتفرعة وأوراقه الصغيرة المستديرة الخضراء اللامعة. إنه نبات سريع النمو وسهل العناية جداً، يشبه شجرة البونساي المصغرة، ومثالي للمبتدئين ولتشكيله بأشكال مختلفة.,good,Water regularly during hot Cairo summers. Protect from harsh afternoon sun.,Reduce watering in cooler months. Maintain in bright location.,
english_ivy,English Ivy,Hedera helix,Hedera,Araliaceae,لبلاب إنجليزي,beginner,vine,no,weekly: Keep soil slightly moist. Avoid waterlogging.,bright_indirect,Prefers bright indirect light. Tolerates shade but grows slower.,well_draining,10-27°C (optimal: 18°C),medium,monthly_growing_season,Classic trailing vine with lobed leaves. Excellent for hanging baskets and topiary. Air purifying.,كرمة متدلية كلاسيكية بأوراق مفصصة. ممتاز للسلال المعلقة والتشكيل. منقي للهواء.,good,Regular watering. Protect from hot afternoon sun. Mist for humidity.,Reduce watering. Prefers cooler temperatures. Can tolerate down to 10°C.,
euphorbia,Euphorbia,Euphorbia spp.,Euphorbia,Euphorbiaceae,يوفوربيا,beginner,succulent,yes,every_2_weeks: Water when soil is completely dry. Less in winter.,bright_indirect,Needs bright light to thrive,cactus_succulent,10-35°C (optimal: 22°C),low,rarely,Euphorbia is a large and diverse family of succulent plants including thousands of species in various shapes and sizes. Distinguished by their toxic milky sap and great diversity in form. They are easy-care plants ideal for interior decor. Warning: The milky sap is toxic and irritating to the skin and eyes.,اليوفوربيا هي عائلة كبيرة ومتنوعة من النباتات العصارية تضم آلاف الأنواع بأشكال وأحجام مختلفة. تتميز بعصارتها اللبنية السامة وتنوعها الكبير في الشكل. إنها نباتات سهلة العناية ومثالية للديكور الداخلي. تحذير: العصارة اللبنية سامة ومهيجة للجلد والعينين.,good,Water regularly during hot Cairo summers. Protect from harsh afternoon sun.,Reduce watering in cooler months. Maintain in bright location.,
euphorbia_trigona,African Milk Tree,Euphorbia trigona,Euphorbia,Euphorbiaceae,شجرة الحليب الأفريقية,beginner,succulent,yes,every_2_weeks: Water when soil is completely dry. Less in winter.,bright_indirect,Needs bright light to thrive,cactus_succulent,10-35°C (optimal: 22°C),low,rarely,"Euphorbia Trigona is a majestic succulent characterized by three-sided green stems with small thorns and small leaves on the edges. It is a fast-growing and easy-care plant, adding height and a strong architectural presence to the place. Warning: The milky sap is toxic and irritating to the skin.",يوفوربيا الثلاثية هي نبات عصاري مهيب يتميز بسيقانه الثلاثية الأضلاع الخضراء مع أشواك صغيرة وأوراق صغيرة على الحواف. إنه نبات سريع النمو وسهل العناية، يضيف ارتفاعاً وحضوراً معمارياً قوياً للمكان. تحذير: العصارة اللبنية سامة ومهيجة للجلد.,good,Water regularly during hot Cairo summers. Protect from harsh afternoon sun.,Reduce watering in cooler months. Maintain in bright location.,
euphorbia_trigona_rubra,Royal Red African Milk Tree,Euphorbia trigona 'Rubra',Euphorbia,Euphorbiaceae,شجرة الحليب الأفريقية الحمراء,beginner,succulent,yes,every_2_weeks: Water when soil is completely dry. Less in winter.,bright_indirect,Needs bright light to thrive,cactus_succulent,10-35°C (optimal: 22°C),low,rarely,"Euphorbia Red is a stunning variety of Euphorbia Trigona characterized by its beautiful reddish-purple color. The three-sided stems are dark red with small red leaves, making it one of the most impressive succulents. Warning: The milky sap is toxic and irritating to the skin.",يوفوربيا الحمراء هي صنف مذهل من اليوفوربيا الثلاثية يتميز بلونها الأحمر الأرجواني الجميل. السيقان الثلاثية الأضلاع ذات لون أحمر داكن مع أوراق حمراء صغيرة، مما يجعلها من أكثر النباتات العصارية إثارة للإعجاب. تحذير: العصارة اللبنية سامة ومهيجة للجلد.,good,Water regularly during hot Cairo summers. Protect from harsh afternoon sun.,Reduce watering in cooler months. Maintain in bright location.,
ficus_bonsai,Ficus Bonsai,Ficus retusa,Ficus,Moraceae,فيكس بونساي,intermediate,tropical,no,twice_weekly: Keep soil slightly moist. Never let it completely dry out or sit in water.,bright_indirect,Needs bright light to maintain compact growth. Can handle some direct sun.,well_draining,16-30°C (optimal: 23°C),medium,bi_weekly_growing_season,Miniature tree with thick trunk and aerial roots. Perfect decorative bonsai for beginners.,شجرة مصغرة بجذع سميك وجذور هوائية. بونساي زينة مثالي للمبتدئين.,very_good,Increase humidity by misting daily. Protect from intense afternoon sun in Cairo's heat (35-40°C).,Maintain warmth above 16°C. Reduce fertilizer frequency in cooler months (10-20°C).,
ficus_bonsai_s_shaped,Ficus Bonsai S Shaped,Ficus microcarpa,Ficus,Moraceae,فيكس بونساي حرف S,intermediate,tropical,no,twice_weekly: Maintain consistent moisture. Check soil daily as bonsai pots dry quickly.,bright_indirect,Bright indirect light maintains shape. Rotate weekly for even growth.,well_draining,16-30°C (optimal: 23°C),medium,bi_weekly_growing_season,Artistic bonsai with S-curved trunk. Unique sculptural form adds elegance to any space.,بونساي فني بجذع منحني على شكل S. شكل نحتي فريد يضيف أناقة لأي مكان.,very_good,Mist leaves daily in Cairo's dry heat (35-40°C). Shield from harsh midday sun.,Keep away from cold windows. Maintain stable temperature above 16°C (10-20°C winter range).,
ficus_elastica,Rubber Tree,Ficus elastica,Ficus,Moraceae,شجرة المطاط,beginner,tropical,no,weekly: Water when top 5cm of soil is dry. Overwatering causes leaf drop.,bright_indirect,Bright indirect light is ideal. Can tolerate some direct morning sun.,well_draining,15-32°C (optimal: 24°C),medium,monthly_growing_season,"Classic houseplant with large, glossy leaves. Easy to care for and adapts well to indoor conditions.",نبات منزلي كلاسيكي بأوراق كبيرة لامعة. سهل العناية ويتأقلم جيداً في الأماكن الداخلية.,excellent,Water more frequently during Cairo's hot summers (35-40°C). Wipe leaves to remove dust.,Reduce watering in cooler months (10-20°C). Avoid cold drafts from windows.,
ficus_rubber_tree_variegated,Ficus Rubber Tree Variegated,Ficus elastica 'Tineke',Ficus,Moraceae,شجرة المطاط المبرقشة,intermediate,tropical,no,weekly: Keep slightly more moist than green varieties. Avoid overwatering.,bright_indirect,Needs bright indirect light for variegation. Low light reduces pattern.,well_draining,16-30°C (optimal: 24°C),medium_high,monthly_growing_season,Beautiful cream and green variegated leaves with pink edges. Eye-catching focal point plant.,أوراق جميلة مبرقشة بالكريمي والأخضر مع حواف وردية. نبات بؤري لافت للنظر.,very_good,Protect from direct sun to prevent leaf burn. Mist occasionally in Cairo heat (35-40°C).,Ensure adequate light for variegation. Reduce watering in cooler months (10-20°C).,
fishbone_plant,Fishbone Plant,Dischidia ovata,Dischidia,Apocynaceae,نبات عظم السمك,intermediate,vine,yes,weekly: Water when top 2 inches dry. Likes consistent moisture.,bright_indirect,Prefers bright indirect light but tolerates medium light,well_draining,15-30°C (optimal: 22°C),high,monthly,Fishbone Plant - Dischidia ovata. Moderate care requirements with rewarding growth.,نبات عظم السمك - Dischidia ovata. نبات زينة داخلي جميل يضيف لمسة طبيعية للمكان. يحتاج لعناية منتظمة ومناسب للبيئة المصرية.,good,Increase watering frequency in Cairo's hot summer. Provide shade from direct afternoon sun.,Reduce watering in winter. Protect from cold drafts.,
fittonia,Nerve Plant,Fittonia albivenis,Fittonia,Acanthaceae,نبات الأعصاب,intermediate,foliage,yes,twice_weekly: Keep soil consistently moist. Dramatic when thirsty - revives quickly with water.,bright_indirect,Low to medium indirect light. Direct sun fades leaf patterns.,moisture_retaining,16-27°C (optimal: 21°C),high,monthly_diluted,"Compact plant with intricately veined leaves in pink, white, or red. Loves humidity.",نبات مدمج بأوراق معرقة بشكل معقد باللون الوردي أو الأبيض أو الأحمر. يحب الرطوبة.,moderate,Challenging in dry heat. Needs frequent misting or pebble tray. Avoid direct sun.,Easier in cooler months. Maintain humidity and warmth.,
florist_kalanchoe,Florist Kalanchoe,Kalanchoe blossfeldiana,Kalanchoe,Crassulaceae,كالانشو,beginner,succulent,no,every_2_weeks: Water when soil is completely dry. Less in winter.,bright_indirect,Needs bright light to thrive,cactus_succulent,10-35°C (optimal: 22°C),low,rarely,Florist Kalanchoe - Kalanchoe blossfeldiana. Low-maintenance plant perfect for beginners. Requires minimal watering.,كالانشو - Kalanchoe blossfeldiana. نبات زينة داخلي جميل يضيف لمسة طبيعية للمكان. سهل العناية ولا يحتاج للكثير من الماء. مثالي للمبتدئين.,excellent,Increase watering frequency in Cairo's hot summer. Provide shade from direct afternoon sun.,Reduce watering in winter. Protect from cold drafts.,
foxtail_fern,Foxtail Fern,Asparagus densiflorus,Asparagus,Asparagaceae,سرخس ذيل الثعلب,intermediate,fern,yes,twice_weekly: Keep soil consistently moist but not soggy,medium_indirect,Prefers medium to bright indirect light,well_draining_potting,15-28°C (optimal: 20°C),high,monthly,"Foxtail Fern (not a true fern but from the Asparagus family) is a unique ornamental plant with dense, soft feathery stems resembling a fox's tail. Bright green with a beautiful soft texture. Grows densely and beautifully, suitable for pots and hanging baskets. A strong and resilient plant, it purifies the air and is safe for animals. Adds a soft tropical touch to decor. May bloom with small white flowers and produce red berries.",سرخس ذيل الثعلب (في الحقيقة ليس سرخس حقيقي بل من عائلة الهليون) نبات زينة فريد بسيقانه الريشية الكثيفة الناعمة التي تشبه ذيل الثعلب. أخضر زاهي وملمس ناعم جميل. ينمو بشكل كثيف وجميل، ومناسب للأصص والسلال المعلقة. نبات قوي ومتحمل، ينقي الهواء وآمن للحيوانات. يضيف لمسة استوائية ناعمة للديكور. قد يزهر بأزهار بيضاء صغيرة وينتج توتاً أحمر.,good,Water regularly during hot Cairo summers. Protect from harsh afternoon sun.,Reduce watering in cooler months. Maintain in bright location.,
fuzzy_trails,Fuzzy Trails,Rhipsalis pilocarpa,Rhipsalis,Cactaceae,ريبساليس الزغبي,intermediate,cactus,yes,every_3_weeks: Water sparingly. Let soil dry completely between waterings.,bright_direct,"Needs lots of bright light, loves direct sun",cactus_succulent,15-30°C (optimal: 22°C),low,rarely,"soft, cascading, and full of personality. she's a jungle-cactus that loves a relaxed environment with good light and drainage. care level: easy, forgiving, and ready for low-stress spaces.",صبار الغابة (ريبساليس) نبات ناعم، متدلي ومليء بالشخصية. إنه صبار استوائي يحب البيئة المريحة مع ضوء جيد وتصريف ممتاز. مستوى العناية: سهل، متسامح، ومناسب للمساحات الخالية من التوتر.,good,Increase watering frequency in Cairo's hot summer. Provide shade from direct afternoon sun.,Reduce watering in winter. Protect from cold drafts.,
ghost_plant,Ghost Plant,Graptopetalum paraguayense,Graptopetalum,Crassulaceae,نبات الشبح,beginner,succulent,yes,bi_weekly: Water thoroughly when soil is completely dry. Very drought tolerant.,bright_indirect,Bright light with some direct sun for best color. Can handle partial shade.,cactus_mix,10-35°C (optimal: 21°C),low,monthly_diluted,Silvery-gray rosette succulent with pearlescent leaves. Very easy care and propagates readily.,عصاري وردي فضي رمادي بأوراق لؤلؤية. سهل العناية جداً ويتكاثر بسهولة.,excellent,Thrives in heat. Water sparingly. Can handle full outdoor sun with acclimation.,Very minimal watering. Can tolerate cool temperatures.,
golden_pothos,Golden Pothos,Epipremnum aureum,Epipremnum,Araceae,بوتوس ذهبي,beginner,tropical,no,weekly: Water when top 2-3cm of soil is dry. Very forgiving with watering.,bright_indirect,"Adapts to various light conditions, golden variegation best in brighter light",well_draining,16-30°C (optimal: 24°C),medium,monthly_growing_season,"Golden Pothos is one of the most famous and easiest indoor ornamental plants to care for. It is characterized by heart-shaped green leaves speckled with golden yellow. Known for its excellent ability to purify the air and remove toxins. It grows quickly and can be grown in water or soil, making it perfect for beginners. Tolerates low light conditions and does not require much care.",نبات البوتوس الذهبي من أشهر نباتات الزينة الداخلية وأسهلها في العناية. يتميز بأوراقه القلبية الخضراء المرقطة باللون الأصفر الذهبي. يُعرف بقدرته الممتازة على تنقية الهواء وإزالة السموم. ينمو بسرعة ويمكن زراعته في الماء أو التربة، مما يجعله مثالياً للمبتدئين. يتحمل ظروف الإضاءة المنخفضة ولا يحتاج إلى عناية كثيرة.,excellent,"Increase watering frequency, provide humidity through misting","Reduce watering, avoid cold drafts",
grape_ivy,Grape Ivy,Cissus rhombifolia,Cissus,Vitaceae,لبلاب العنب,beginner,vine,yes,weekly: Water when top soil is dry. Tolerates occasional neglect.,bright_indirect,Adapts to various light conditions. Grows faster in brighter light.,well_draining,16-27°C (optimal: 21°C),medium,monthly_growing_season,Easy-care trailing vine with glossy compound leaves. Excellent for hanging baskets.,كرمة متدلية سهلة العناية بأوراق مركبة لامعة. ممتاز للسلال المعلقة.,excellent,Regular watering. Occasional misting appreciated.,Reduce watering. Protect from cold drafts.,
green_castle_cactus,Green Castle Cactus,Cereus sp.,Cereus,Cactaceae,صبار القلعة الخضراء,beginner,cactus,yes,every_3_weeks: Water sparingly. Let soil dry completely between waterings.,bright_direct,"Needs lots of bright light, loves direct sun",cactus_succulent,10-35°C (optimal: 22°C),low,rarely,Green Castle Cactus - Cereus 'Green Castle'. Low-maintenance plant perfect for beginners. Requires minimal watering.,صبار القلعة الخضراء - Cereus 'Green Castle'. نبات زينة داخلي جميل يضيف لمسة طبيعية للمكان. سهل العناية ولا يحتاج للكثير من الماء. مثالي للمبتدئين.,excellent,Increase watering frequency in Cairo's hot summer. Provide shade from direct afternoon sun.,Reduce watering in winter. Protect from cold drafts.,
grey_ghost_cactus,Grey Ghost Cactus,Opuntia microdasys,Opuntia,Cactaceae,صبار الشبح الرمادي,beginner,succulent,yes,every_3_weeks: Water sparingly. Let soil dry completely between waterings.,bright_direct,"Needs lots of bright light, loves direct sun",cactus_succulent,10-40°C (optimal: 25°C),low,rarely,"The Grey Ghost Cactus is a rare variety of Opuntia characterized by its beautiful silvery-gray color and soft white spines. It is a wonderful desert plant that adds a unique touch to a cactus collection, easy to care for and perfect for the Egyptian climate.",صبار الشبح الرمادي هو صنف نادر من الأوبنتيا يتميز بلونه الرمادي الفضي الجميل وأشواكه البيضاء الناعمة. إنه نبات صحراوي رائع يضيف لمسة فريدة لمجموعة الصباريات، وهو سهل العناية ومثالي للمناخ المصري.,good,Water regularly during hot Cairo summers. Protect from harsh afternoon sun.,Reduce watering in cooler months. Maintain in bright location.,
guzmania,Scarlet Star,Guzmania lingulata,Guzmania,Bromeliaceae,نجمة قرمزية,intermediate,bromeliad,yes,weekly: Fill central cup with water. Change water weekly. Keep soil barely moist.,bright_indirect,Bright indirect light. Direct sun fades flower color.,orchid_bark_mix,18-27°C (optimal: 22°C),high,monthly_diluted_spray,Stunning bromeliad with long-lasting colorful flower bracts. Central cup holds water.,بروميلياد مذهل بقنابات زهرية ملونة تدوم طويلاً. الكوب المركزي يحمل الماء.,moderate,Challenging in dry heat. Needs high humidity. Mist frequently and keep cup filled.,Easier in cooler months. Maintain warmth and humidity.,
haworthia_limifolia,Haworthia Limifolia,Haworthia limifolia,Haworthia,Asphodelaceae,هاوورثيا ليميفوليا,beginner,succulent,yes,every_2_weeks: Water moderately during growing season. Let soil dry completely between waterings. Avoid water on leaves.,bright_indirect,Prefers bright indirect light. Can tolerate gentle morning sun. Too much direct sun can cause leaf burn.,well_draining,10-35°C (optimal: 22°C),low,quarterly,"Haworthia Limifolia - Distinctive succulent with deeply ridged, textured leaves forming a rosette. Fascinating architectural plant. Perfect for small spaces and succulent collections.",هاوورثيا ليميفوليا - نبات عصاري مميز بأوراق محززة عميقاً ذات نسيج يشكل وردة. نبات معماري رائع. مثالي للمساحات الصغيرة ومجموعات العصاريات.,excellent,Keep in bright indirect light during Cairo summers (35-40°C). Avoid afternoon sun. Water every 2-3 weeks. Good air circulation important.,Excellent for Cairo winters (10-20°C). Enter semi-dormancy. Reduce watering to once a month. Keep in bright spot.,
haworthia_mucronata,Haworthia Mucronata,Haworthia mucronata,Haworthia,Asphodelaceae,هاوورثيا موكروناتا,beginner,succulent,yes,every_2_weeks: Water thoroughly but infrequently. Allow soil to dry completely. More drought-tolerant than most Haworthias.,bright_indirect,Prefers bright indirect light. Can handle more sun than other Haworthias. Leaves may take on bronze tint in bright light.,well_draining,10-35°C (optimal: 24°C),low,quarterly,"Haworthia Mucronata - Attractive succulent with pointed, upright leaves forming symmetrical rosettes. White tubercles along leaf edges. Hardy and beginner-friendly.",هاوورثيا موكروناتا - نبات عصاري جذاب بأوراق مدببة منتصبة تشكل وريدات متماثلة. درنات بيضاء على حواف الأوراق. قوي ومناسب للمبتدئين.,excellent,More sun-tolerant than other Haworthias for Cairo summers (35-40°C). Can be placed outdoors in partial shade. Water every 2-3 weeks.,Very resilient in Cairo winters (10-20°C). Reduce watering to monthly. Can tolerate cooler temperatures well. Perfect for balconies.,
haworthia_zebra,Zebra Haworthia,Haworthiopsis attenuata,Haworthiopsis,Asphodelaceae,هاوورثيا الزيبرا,beginner,succulent,yes,every_2_weeks: Water when soil is completely dry. More tolerant of underwatering than overwatering. Water from bottom if possible.,bright_indirect,Thrives in bright indirect light. Some direct morning sun beneficial. Leaves may redden in very bright light (stress coloring).,well_draining,10-32°C (optimal: 22°C),low,quarterly,Zebra Haworthia - Charming small succulent with distinctive white stripes on dark green leaves. Forms compact rosettes. One of the most popular and easy-care succulents.,هاوورثيا الزيبرا - نبات عصاري صغير جذاب بخطوط بيضاء مميزة على أوراق خضراء داكنة. يشكل وريدات مدمجة. أحد أشهر العصاريات وأسهلها عناية.,excellent,Place in bright spot with indirect light during Cairo summers (35-40°C). East-facing window ideal. Water every 2 weeks. Protect from harsh afternoon sun.,Perfect for Cairo winters (10-20°C). Growth slows naturally. Water every 3-4 weeks. Makes excellent desk or windowsill plant.,
imperial_red_philodendron,Imperial Red Philodendron,Philodendron 'Imperial Red',Philodendron,Araceae,فيلودندرون إمبريال أحمر,beginner,tropical,no,weekly: Water when top 2-3cm of soil is dry. Tolerant of occasional missed watering.,bright_indirect,Bright indirect light maintains red color in new growth. Tolerates lower light.,well_draining,16-30°C (optimal: 24°C),medium,monthly_growing_season,Stunning self-heading philodendron with glossy red-burgundy new leaves that mature to dark green.,فيلودندرون ذاتي التوجيه مذهل بأوراق جديدة حمراء-بورجوندي لامعة تنضج إلى أخضر داكن.,excellent,Regular watering. Benefits from occasional misting. Most vibrant color in warmer months.,Reduce watering. Protect from cold drafts. Red color less intense.,
jade_plant,Jade Plant,Crassula ovata,Crassula,Crassulaceae,نبات اليشم,beginner,succulent,no,every_2_weeks: Water sparingly. Let soil dry completely between waterings.,bright_direct,"Needs lots of light to thrive, can handle some direct sun",cactus_succulent,10-35°C (optimal: 22°C),low,rarely,"Succulent with thick, glossy leaves. Loves lots of light and minimal water.",نبات عصاري بأوراق سميكة لامعة. يحب الضوء القوي والري القليل.,excellent,"Perfect for hot, sunny windows. Water when completely dry.",Reduce watering to once a month. Keep in brightest spot.,
kentia_palm,Kentia Palm,Howea forsteriana,Howea,Arecaceae,نخيل كينتيا,intermediate,palm,yes,weekly: Keep soil evenly moist but not waterlogged.,bright_indirect,Bright indirect light essential,well_draining,15-30°C (optimal: 22°C),high,monthly,Kentia Palm - Howea forsteriana. Moderate care requirements with rewarding growth.,نخيل كينتيا - Howea forsteriana. نبات زينة داخلي جميل يضيف لمسة طبيعية للمكان. يحتاج لعناية منتظمة ومناسب للبيئة المصرية.,good,Increase watering frequency in Cairo's hot summer. Provide shade from direct afternoon sun.,Reduce watering in winter. Protect from cold drafts.,
lithops,Living Stones,Lithops spp.,Lithops,Aizoaceae,حجارة حية,intermediate,succulent,yes,"monthly: Water only when wrinkled, typically 3-4 times per year. No water during dormancy.",bright_direct,Needs very bright light with several hours of direct sun.,very_well_draining_mineral,10-35°C (optimal: 24°C),low,rarely,Fascinating succulent that mimics stones. Requires very little water and excellent drainage.,عصاري مذهل يحاكي الحجارة. يحتاج ماء قليل جداً وتصريف ممتاز.,excellent,Thrives in heat and sun. Almost no water needed. Perfect for hot climate.,Dormancy period. No watering. Provide maximum light.,
lucky_bamboo,Lucky Bamboo,Dracaena sanderiana,Dracaena,Asparagaceae,خيزران الحظ,beginner,tropical,no,water_culture: Grows in water (change weekly) or moist soil. Use filtered/distilled water.,bright_indirect,Bright indirect light. Direct sun burns leaves.,water_or_well_draining,16-32°C (optimal: 22°C),medium,monthly_diluted_liquid,Not true bamboo but a Dracaena. Can grow in water or soil. Symbol of good fortune in Feng Shui.,ليس خيزران حقيقي بل دراسينا. ينمو في الماء أو التربة. رمز للحظ السعيد في فينج شوي.,excellent,Change water more frequently in heat. Keep out of direct sun.,Less frequent water changes. Maintain warmth.,
madagascar_dragon_tree,Madagascar Dragon Tree,Dracaena marginata,Dracaena,Asparagaceae,شجرة التنين,beginner,tropical,no,bi_weekly: Allow soil to dry between waterings. Very drought tolerant.,bright_indirect,Prefers bright indirect light but adapts to lower light. Red edges fade in low light.,well_draining,16-32°C (optimal: 24°C),low,monthly_growing_season,Striking architectural plant with thin red-edged leaves. Very low-maintenance and drought tolerant.,نبات معماري مذهل بأوراق رفيعة ذات حواف حمراء. قليل الصيانة جداً ومتحمل للجفاف.,excellent,Can handle heat well. Water moderately. Tolerates dry air.,Minimal watering. Protects from cold drafts below 16°C.,
madagascar_palm,Madagascar Palm,Pachypodium spp.,Pachypodium,Apocynaceae,نخلة مدغشقر,beginner,succulent,yes,every_2_weeks: Water when soil is completely dry. Less in winter.,bright_indirect,Needs bright light to thrive,cactus_succulent,10-35°C (optimal: 22°C),low,rarely,A unique succulent plant that looks like a palm in appearance but is not a true palm. Characterized by a thick stem full of thorns and beautiful green leaves growing from the top. A slow-growing plant that withstands dry conditions and is perfect for sunny spaces.,نبات عصاري فريد من نوعه يشبه النخيل في مظهره ولكنه ليس نخلة حقيقية. يتميز بساق سميكة مليئة بالأشواك وأوراق خضراء جميلة تنمو من القمة. نبات بطيء النمو يتحمل الظروف الجافة ومثالي للمساحات المشمسة.,good,Water regularly during hot Cairo summers. Protect from harsh afternoon sun.,Reduce watering in cooler months. Maintain in bright location.,
maranta,Prayer Plant,Maranta leuconeura,Maranta,Marantaceae,نبات الصلاة,intermediate,tropical,yes,weekly: Keep evenly moist. Loves humidity and regular watering.,medium_indirect,Bright indirect light. Burns in direct sun.,moisture_retaining,18-28°C (optimal: 23°C),high,monthly_growing_season,Beautiful prayer plant with patterned leaves. Folds leaves at night like praying hands.,نبات صلاة جميل بأوراق منقوشة. ينطوي الأوراق ليلاً كأيدي مصلية.,moderate,Needs high humidity. Use pebble trays and mist daily.,Keep warm. Easier to maintain humidity in winter.,
monstera_deliciosa,Swiss Cheese Plant,Monstera deliciosa,Monstera,Araceae,نبات الجبن السويسري (القفص الصدري),intermediate,tropical,no,weekly: Water when top 5cm of soil is dry. Prefers consistent moisture but not waterlogged.,bright_indirect,Bright indirect light for best fenestration development. Tolerates some shade.,well_draining,18-30°C (optimal: 25°C),high,monthly_growing_season,"Iconic tropical plant with large, fenestrated leaves. Creates a bold statement in any space.",نبات استوائي مميز بأوراق كبيرة مثقوبة. يضيف لمسة جريئة لأي مكان.,excellent,Increase humidity with misting 2-3 times weekly during Cairo's hot summer (35-40°C). Keep out of direct afternoon sun.,Reduce watering frequency. Perfect indoor temperature range (10-20°C). Avoid cold drafts from windows.,
moon_cactus,Moon Cactus,Gymnocalycium mihanovichii,Gymnocalycium,Cactaceae,صبار القمر,beginner,succulent,yes,every_3_weeks: Water sparingly. Let soil dry completely between waterings.,bright_direct,"Needs lots of bright light, loves direct sun",cactus_succulent,10-40°C (optimal: 25°C),low,rarely,"The Moon Cactus is a stunning grafted plant characterized by its colorful spherical top (red, yellow, pink, orange) grafted onto a green base. One of the most popular cacti in interior decor due to its beautiful bright colors; it needs special care to maintain its vitality.",صبار القمر هو نبات مطعّم مذهل يتميز بقمته الكروية الملونة (أحمر، أصفر، وردي، برتقالي) المطعّمة على قاعدة خضراء. إنه من أكثر الصباريات شعبية في الديكور الداخلي بسبب ألوانه الزاهية الجميلة، ويحتاج لعناية خاصة للحفاظ على حيويته.,good,Water regularly during hot Cairo summers. Protect from harsh afternoon sun.,Reduce watering in cooler months. Maintain in bright location.,
moonlight_cactus,Moonlight cactus,Selenicereus spp.,Selenicereus,Cactaceae,صبار ضوء القمر,beginner,succulent,yes,every_3_weeks: Water sparingly. Let soil dry completely between waterings.,bright_direct,"Needs lots of bright light, loves direct sun",cactus_succulent,10-40°C (optimal: 25°C),low,rarely,"Moonlight Cactus is a wonderful desert plant belonging to the climbing cactus family, characterized by slender stems and the ability to bloom at night with beautiful fragrant white flowers. A distinctive plant that adds special character and is easy to care for in the Egyptian climate.",صبار ضوء القمر هو نبات صحراوي رائع ينتمي لعائلة الصباريات المتسلقة، يتميز بسيقانه النحيلة وإمكانية إزهاره ليلاً بأزهار بيضاء عطرة جميلة. إنه نبات مميز يضيف طابعاً خاصاً ويسهل العناية به في المناخ المصري.,good,Water regularly during hot Cairo summers. Protect from harsh afternoon sun.,Reduce watering in cooler months. Maintain in bright location.,
orchid,Orchid,Phalaenopsis hybrids,Phalaenopsis,Orchidaceae,أوركيد,advanced,flowering,yes,twice_weekly: Keep soil consistently moist during blooming season.,bright_indirect,Bright indirect light for best flowering,well_draining,18-28°C (optimal: 23°C),high,monthly,Orchid - Phalaenopsis hybrid. Requires attentive care including proper humidity and watering.,أوركيد - هجين الفالينوبسيس. يتطلب عناية دقيقة بما في ذلك الرطوبة المناسبة والري المنتظم.,good,Increase watering frequency in Cairo's hot summer. Provide shade from direct afternoon sun.,Reduce watering in winter. Protect from cold drafts.,
peace_lily,Peace Lily,Spathiphyllum wallisii,Spathiphyllum,Araceae,زنبق السلام,intermediate,flowering,no,"twice_weekly: Keep soil consistently moist, droops when thirsty.",medium_indirect,"Medium to low light, blooms more in brighter conditions",moisture_retaining,18-30°C (optimal: 24°C),high,monthly_growing_season,Peace Lily is one of the most beautiful flowering indoor ornamental plants. Characterized by its shiny green leaves and elegant white flowers resembling sails. Known for its excellent ability to purify the air from toxins. Blooms several times a year if conditions are right. Suitable for low-light places.,زنبق السلام من أجمل نباتات الزينة الداخلية المزهرة. يتميز بأوراقه الخضراء اللامعة وأزهاره البيضاء الأنيقة التي تشبه الأشرعة. يُعرف بقدرته الممتازة على تنقية الهواء من السموم. يزهر عدة مرات في السنة إذا توفرت له الظروف المناسبة. مناسب للأماكن ذات الإضاءة المنخفضة.,moderate,"Increase humidity, protect from AC, may need daily watering","Reduce watering slightly, maintain humidity with humidifier",
peperomia_obtusifolia,Baby Rubber Plant,Peperomia obtusifolia,Peperomia,Piperaceae,بيبروميا (كاوتشوك قزمي),beginner,tropical,yes,"every_10_days: Water when top 5-7cm is dry. Thick leaves store water, so less is more.",bright_indirect,Adapts well to various light conditions. Grows more compact in brighter light.,well_draining,15-29°C (optimal: 22°C),medium,monthly_growing_season,"Succulent-like peperomia with thick, glossy dark green leaves. Compact and easy to care for.",بيبروميا شبيهة بالعصاريات بأوراق سميكة لامعة خضراء داكنة. صغيرة وسهلة العناية.,excellent,Very drought tolerant during Cairo summer (35-40°C). Water every 2 weeks max. Can handle some direct morning sun.,Reduce watering to every 3 weeks. Thrives in heated indoor spaces during Cairo winter (10-20°C). Very low maintenance.,
peperomia_obtusifolia_variegated,Variegated Baby Rubber Plant,Peperomia obtusifolia,Peperomia,Piperaceae,بيبروميا مبرقشة,beginner,tropical,yes,every_10_days: Water when top 5-7cm is dry. Slightly more sensitive to overwatering than green variety.,bright_indirect,Needs brighter light than green variety to maintain variegation. Avoid direct sun.,well_draining,16-29°C (optimal: 23°C),medium,monthly_growing_season,Stunning variegated version with creamy white and green marbled leaves. Same easy care as green variety.,نسخة متنوعة مذهلة بأوراق رخامية خضراء وبيضاء كريمية. نفس العناية السهلة للنوع الأخضر.,excellent,Place in bright spot away from harsh Cairo sun (35-40°C). Water every 10-14 days. Variegation more vibrant with good light.,Perfect for bright indoor windowsills during Cairo winter (10-20°C). Water every 2-3 weeks. Variegation remains stable in cooler temps.,
peperomia_rosso,Peperomia Rosso,Peperomia caperata,Peperomia,Piperaceae,بيبروميا روسو,beginner,tropical,yes,weekly: Water when top half of soil dries. Prefers to dry out between waterings. Avoid overwatering.,bright_indirect,Bright indirect light enhances red coloring. Tolerates medium light but colors fade.,well_draining,16-28°C (optimal: 22°C),medium,monthly_growing_season,Compact peperomia with deep green textured leaves and vibrant burgundy undersides. Perfect desktop plant.,بيبروميا صغيرة بأوراق خضراء داكنة منقوشة وجوانب سفلية حمراء نابضة. مثالية لسطح المكتب.,excellent,Water sparingly even in Cairo heat (35-40°C). Compact size makes it easy to move to cooler spots. Avoid afternoon sun.,Reduce watering significantly. Ideal for indoor Cairo winter (10-20°C). Keep away from heater vents.,
philodendron,Heart-leaf Philodendron,Philodendron hederaceum,Philodendron,Araceae,فيلودندرون,beginner,tropical,no,weekly: Water when top soil is dry. Very forgiving.,bright_indirect,"Adapts to various light conditions, grows faster in brighter light",well_draining,16-32°C (optimal: 24°C),medium,monthly_growing_season,Heartleaf Philodendron is one of the most famous climbing and hanging plants. Characterized by its shiny green heart-shaped leaves growing on long stems. Very easy to care for and withstands neglect. Grows quickly and can be shaped by pruning. Suitable for hanging pots or trellises. Known for its ability to purify the air.,الفيلودندرون القلبي من أشهر النباتات المتسلقة والمعلقة. يتميز بأوراقه القلبية الخضراء اللامعة التي تنمو على سيقان طويلة. سهل العناية جداً ويتحمل الإهمال. ينمو بسرعة ويمكن تشكيله بالتقليم. مناسب للأصص المعلقة أو التعريشات. يُعرف بقدرته على تنقية الهواء.,excellent,"Fast growth season, may need weekly watering and monthly fertilizing","Slower growth, reduce watering and stop fertilizing",
philodendron_birkin,Philodendron Birkin,Philodendron 'Birkin',Philodendron,Araceae,فيلودندرون بيركن,beginner,foliage,no,weekly: Water when top 2 inches of soil are dry,bright_indirect,"Prefers bright indirect light, tolerates medium light",well_draining_potting,15-30°C (optimal: 22°C),high,monthly,"A wonderful and distinctive variety of Philodendron with dark green leaves featuring beautiful creamy white stripes. An easy-care and relatively slow-growing plant, perfect for small spaces. Considered one of the most elegant and popular Philodendron varieties.",صنف رائع ومميز من الفيلودندرون بأوراق خضراء داكنة مع خطوط بيضاء كريمية جميلة. نبات سهل العناية وبطيء النمو نسبياً، مثالي للمساحات الصغيرة. يعتبر من أكثر أصناف الفيلودندرون أناقة وشعبية.,good,Water regularly during hot Cairo summers. Protect from harsh afternoon sun.,Reduce watering in cooler months. Maintain in bright location.,
philodendron_imperial_lemon,Philodendron Imperial Lemon,Philodendron 'Imperial Lemon',Philodendron,Araceae,فيلودندرون إمبريال ليمون,beginner,foliage,no,weekly: Water when top 2 inches of soil are dry,bright_indirect,"Prefers bright indirect light, tolerates medium light",well_draining_potting,15-30°C (optimal: 22°C),high,monthly,"A stunning variety of Philodendron characterized by large leaves with a bright lemon-yellow color when growing, then gradually turning green. An easy-care and fast-growing plant, adding vibrant color to interior spaces. Perfect for beginners.",صنف مذهل من الفيلودندرون يتميز بأوراقه الكبيرة ذات اللون الأصفر الليموني المشرق عند النمو ثم تتحول تدريجياً إلى الأخضر. نبات سهل العناية وسريع النمو، يضيف لوناً نابضاً بالحياة للمساحات الداخلية. مثالي للمبتدئين.,good,Water regularly during hot Cairo summers. Protect from harsh afternoon sun.,Reduce watering in cooler months. Maintain in bright location.,
philodendron_imperial_orange,Philodendron Imperial Orange,Philodendron 'Imperial Orange',Philodendron,Araceae,فيلودندرون إمبريال برتقالي,beginner,foliage,no,weekly: Water when top 2 inches of soil are dry,bright_indirect,"Prefers bright indirect light, tolerates medium light",well_draining_potting,15-30°C (optimal: 22°C),high,monthly,"An exceptional variety of Philodendron with stunning copper-orange leaves when growing, gradually turning to dark green. An easy plant perfect for beginners, adding warm and attractive colors to interior decor. Its growth is dense and compact.",صنف استثنائي من الفيلودندرون بأوراق برتقالية نحاسية مذهلة عند النمو تتحول تدريجياً إلى أخضر داكن. نبات سهل ومثالي للمبتدئين يضيف ألواناً دافئة وجذابة للديكور الداخلي. نموه كثيف ومتراص.,good,Water regularly during hot Cairo summers. Protect from harsh afternoon sun.,Reduce watering in cooler months. Maintain in bright location.,
philodendron_tree,Philodendron Tree,Philodendron spp.,Philodendron,Araceae,فيلودندرون شجري,beginner,foliage,no,weekly: Water when top 2 inches of soil are dry,bright_indirect,"Prefers bright indirect light, tolerates medium light",well_draining_potting,15-30°C (optimal: 22°C),high,monthly,"A type of non-climbing Philodendron that grows vertically like a small tree. Characterized by large attractive leaves growing from a central trunk. An easy-care and strong plant, perfect for adding height and presence to interior spaces.",نوع من الفيلودندرون غير المتسلق ينمو بشكل عمودي كالشجرة الصغيرة. يتميز بأوراق كبيرة وجذابة تنمو من جذع مركزي. نبات سهل العناية وقوي، مثالي لإضافة ارتفاع وحضور للمساحات الداخلية.,good,Water regularly during hot Cairo summers. Protect from harsh afternoon sun.,Reduce watering in cooler months. Maintain in bright location.,
philodendron_xanadu,Philodendron Xanadu,Philodendron xanadu,Philodendron,Araceae,فيلودندرون زانادو,beginner,tropical,no,weekly: Water when top 2-3cm of soil is dry. Forgiving with occasional neglect.,bright_indirect,Adapts to various light levels. Prefers bright indirect light for best growth.,well_draining,16-30°C (optimal: 24°C),medium,monthly_growing_season,Compact self-heading philodendron with deeply lobed leaves. Perfect for medium-sized spaces.,فيلودندرون مدمج ذاتي التوجيه بأوراق مفصصة بعمق. مثالي للمساحات المتوسطة.,excellent,Regular watering. Benefits from occasional misting.,Reduce watering. Protect from cold drafts.,
pink_nerve_plant,Pink Nerve Plant,Fittonia albivenis,Fittonia,Acanthaceae,فيتونيا وردية,intermediate,foliage,yes,weekly: Water when top 2 inches are dry.,medium_indirect,Adapts to various light conditions,well_draining,15-30°C (optimal: 22°C),medium,monthly,"she stands out with bright green leaves traced with soft pink veins.  Care note: Fittonias are dramatic; they wilt when thirsty, then bounce back after a drink. care level: moderate, prefers bright indirect light and a steady routine.",نبات العصب الوردي (فيتونيا) يتميز بأوراق خضراء زاهية مخططة بعروق وردية ناعمة. ملاحظة العناية: الفيتونيا نبات درامي؛ تذبل بوضوح عندما تكون عطشى، ثم تنتعش فوراً بعد الري. مستوى العناية: متوسط، يفضل الضوء الساطع غير المباشر والروتين الثابت.,good,Increase watering frequency in Cairo's hot summer. Provide shade from direct afternoon sun.,Reduce watering in winter. Protect from cold drafts.,
pink_poinsettia,Pink Poinsettia,Euphorbia pulcherrima,Euphorbia,Euphorbiaceae,بنت القنصل الوردية,intermediate,flowering,no,twice_weekly: Keep soil consistently moist during blooming season.,bright_indirect,Bright indirect light for best flowering,well_draining,15-30°C (optimal: 22°C),high,monthly,Pink Poinsettia - Euphorbia pulcherrima 'Pink'. Moderate care requirements with rewarding growth.,بنت القنصل الوردية - Euphorbia pulcherrima 'Pink'. نبات زينة داخلي جميل يضيف لمسة طبيعية للمكان. يحتاج لعناية منتظمة ومناسب للبيئة المصرية.,good,Increase watering frequency in Cairo's hot summer. Provide shade from direct afternoon sun.,Reduce watering in winter. Protect from cold drafts.,
pink_syngonium,Pink Syngonium,Syngonium podophyllum,Syngonium,Araceae,سينجونيوم وردي,beginner,vine,no,weekly: Water when top 2 inches dry. Likes consistent moisture.,bright_indirect,Prefers bright indirect light but tolerates medium light,well_draining_potting,15-30°C (optimal: 22°C),high,monthly,"Pink Syngonium is a charming tropical climbing plant with delicate pink leaves mixed with green. One of the most beautiful and sought-after indoor ornamental plants. Fast-growing and easy to care for, it purifies the air and adds a soft romantic touch to decor. Can be grown as a climber or trailer. Pink shades vary from light to dark depending on light and care.",السينجونيوم الوردي نبات متسلق استوائي ساحر بأوراقه الوردية الرقيقة الممزوجة بالأخضر. من أجمل نباتات الزينة الداخلية وأكثرها طلباً. سريع النمو وسهل العناية، ينقي الهواء ويضيف لمسة رومانسية ناعمة للديكور. يمكن تربيته متسلقاً أو متدلياً. الألوان الوردية تتفاوت من الفاتح إلى الغامق حسب الإضاءة والعناية.,good,Water regularly during hot Cairo summers. Protect from harsh afternoon sun.,Reduce watering in cooler months. Maintain in bright location.,
pittosporum,Mock Orange,Pittosporum,Pittosporum,Pittosporaceae,الياسمين الكاذب,intermediate,foliage,yes,weekly: Water when top 2 inches are dry,bright_indirect,Prefers bright indirect light,well_draining_potting,15-30°C (optimal: 22°C),medium,monthly,An evergreen shrub with attractive glossy leaves. Characterized by its dense growth and beautiful green leaves that may be variegated in some varieties. A medium-difficulty plant that adds beauty to interior spaces.,شجيرة دائمة الخضرة ذات أوراق جذابة ولامعة. تتميز بنموها الكثيف وأوراقها الخضراء الجميلة التي قد تكون مبرقشة في بعض الأصناف. نبات متوسط الصعوبة يضيف جمالاً للمساحات الداخلية.,good,Water regularly during hot Cairo summers. Protect from harsh afternoon sun.,Reduce watering in cooler months. Maintain in bright location.,
polka_dot_begonia,Polka Dot Begonia,Begonia maculata,Begonia,Begoniaceae,بيغونيا البولكا دوت,intermediate,tropical,no,weekly: Keep soil moist but not soggy. Water when top inch is dry.,bright_indirect,Bright indirect light essential. Direct sun burns leaves.,well_draining,18-27°C (optimal: 22°C),high,bi_weekly_growing_season,Stunning plant with silver-spotted leaves and red undersides. Produces white or pink flowers.,نبات مذهل بأوراق منقطة بالفضي وجوانب سفلية حمراء. ينتج أزهار بيضاء أو وردية.,moderate,Challenging in dry heat. Needs high humidity from humidifier or frequent misting.,Easier in cooler months. Maintain warmth and humidity.,
red_anthurium,Red Anthurium,Anthurium andraeanum,Anthurium,Araceae,أنثوريوم أحمر,intermediate,flowering,no,twice_weekly: Keep soil lightly moist but never soggy. Water when top 3-4cm feels dry.,bright_indirect,Bright indirect light for best flowering. Direct sun will scorch leaves.,well_draining,18-29°C (optimal: 24°C),high,monthly_growing_season,Stunning tropical plant with glossy red heart-shaped flowers. Blooms year-round with proper care.,نبات استوائي مذهل بأزهار حمراء لامعة على شكل قلب. يزهر طوال السنة مع العناية الصحيحة.,good,Mist daily during hot Cairo summer (35-40°C) to maintain high humidity. Place on pebble tray with water. Shield from direct sun.,Reduce misting to 2-3 times weekly. Maintain warmth (18-25°C). Move away from cold windows during Cairo's cooler nights (10-15°C).,
red_foxtail_cactus,Red Foxtail Cactus,Cleistocactus winteri,Cleistocactus,Cactaceae,صبار ذيل الثعلب الأحمر,beginner,succulent,yes,every_3_weeks: Water sparingly. Let soil dry completely between waterings.,bright_direct,"Needs lots of bright light, loves direct sun",cactus_succulent,10-40°C (optimal: 25°C),low,rarely,"Red Foxtail Cactus is a unique plant characterized by long tubular stems covered with soft red spines resembling fox tail fur. It is a perfect cactus for hanging baskets or elevated pots, adding distinctive texture and color to the place.",صبار ذيل الثعلب الأحمر هو نبات فريد يتميز بسيقانه الأنبوبية الطويلة المغطاة بأشواك حمراء ناعمة تشبه فراء ذيل الثعلب. إنه صبار مثالي للسلال المعلقة أو الأصص المرتفعة، ويضيف ملمساً ولوناً مميزاً للمكان.,good,Water regularly during hot Cairo summers. Protect from harsh afternoon sun.,Reduce watering in cooler months. Maintain in bright location.,
red_star,Red Star,Cordyline fruticosa,Cordyline,Asparagaceae,كوردلاين أحمر,beginner,tropical,no,weekly: Water when top 5-7cm of soil is dry. Keep soil slightly moist but not soggy. Reduce watering in winter.,bright_indirect,Thrives in bright indirect light. Morning sun is acceptable. Red color fades in low light.,well_draining,15-32°C (optimal: 24°C),medium,monthly_growing_season,Red Star Cordyline - Stunning tropical plant with vibrant red and pink striped leaves. Popular for adding dramatic color to indoor spaces. Easy to care for with moderate watering needs.,كوردلاين النجمة الحمراء - نبات استوائي مذهل بأوراق حمراء ووردية مخططة نابضة بالحياة. شائع لإضافة لون درامي للمساحات الداخلية. سهل العناية مع احتياجات ري معتدلة.,good,Protect from harsh afternoon sun. Increase watering frequency in heat (35-40°C). Mist leaves weekly to maintain humidity.,Reduce watering. Protect from cold drafts below 15°C. Keep away from heaters and air conditioning.,
ruby_peperomia,Ruby Peperomia,Peperomia graveolens,Peperomia,Piperaceae,بيبروميا الياقوت,beginner,tropical,yes,weekly: Water when top 2-3cm of soil is dry. Keep soil slightly moist.,bright_indirect,Prefers bright indirect light,well_draining,10-35°C (optimal: 22°C),medium,monthly,Ruby Peperomia - Peperomia graveolens. Easy-care plant perfect for beginners. Forgiving and adaptable.,بيبروميا الياقوت - Peperomia graveolens. نبات زينة داخلي جميل يضيف لمسة طبيعية للمكان. يحتاج لعناية منتظمة ومناسب للبيئة المصرية.,excellent,Increase watering frequency in Cairo's hot summer. Provide shade from direct afternoon sun.,Reduce watering in winter. Protect from cold drafts.,
sansevieria_eilensis,Sansevieria Eilensis,Sansevieria eilensis,Sansevieria,Asparagaceae,سانسيفيريا إيلينسيس,beginner,succulent,no,every_3_weeks: Water sparingly. Cylindrical leaves store water efficiently. Let soil dry completely between waterings.,bright_indirect,Prefers bright indirect light but extremely adaptable. Unique leaf structure creates interesting shadow patterns.,well_draining,12-40°C (optimal: 24°C),low,quarterly,"Sansevieria Eilensis - Unique variety with cylindrical, upright leaves. Compact growth habit. Rare and distinctive snake plant that's equally easy to care for.",سانسيفيريا إيلينسيس - نوع فريد بأوراق أسطوانية منتصبة. عادة نمو مدمجة. نبات سانسيفيريا نادر ومميز وسهل العناية بنفس القدر.,excellent,"Well-suited to Cairo's hot, dry summers (35-40°C). Natural desert origin makes it perfect for Cairo climate. Water every 3-4 weeks.",Thrives in Cairo winters (10-20°C). Minimal care needed. Water once a month. Perfect desk or shelf plant.,
satin_pothos,Satin Pothos,Scindapsus pictus,Scindapsus,Araceae,بوتوس ساتان,beginner,tropical,no,weekly: Water when top soil is dry. Tolerates occasional neglect.,bright_indirect,Bright indirect light for best variegation. Tolerates lower light.,well_draining,16-30°C (optimal: 22°C),medium,monthly_growing_season,Velvety leaves with silver variegation. Similar care to Pothos but slower growing.,أوراق مخملية بتنوع فضي. عناية مشابهة للبوتوس لكن نمو أبطأ.,excellent,Regular watering. Mist occasionally for humidity.,Reduce watering. Protect from cold drafts.,
schefflera,Umbrella Tree,Schefflera actinophylla,Schefflera,Araliaceae,شجرة المظلة,beginner,tropical,no,weekly: Water when topsoil dries. Avoid overwatering.,bright_indirect,Bright indirect light best. Tolerates medium light.,well_draining,15-30°C (optimal: 22°C),medium,monthly_growing_season,Easy-care tree with umbrella-like leaf clusters. Great for corners and large spaces.,شجرة سهلة العناية بعناقيد أوراق تشبه المظلة. رائعة للزوايا والمساحات الكبيرة.,excellent,Can go outdoors in shade. Water regularly.,Keep indoors. Prune for shape if needed.,
senecio_barbertonicus,Lemon Bean Bush,Senecio barbertonicus,Senecio,Asteraceae,شجيرة فاصوليا الليمون,beginner,succulent,yes,every_2_weeks: Water when soil is completely dry. Less in winter.,bright_indirect,Needs bright light to thrive,cactus_succulent,10-35°C (optimal: 22°C),low,rarely,"A unique succulent plant with creeping or climbing stems and long thin needle-like leaves. A very easy plant perfect for beginners, withstands drought, and gives a distinctive look when hanging or trailing. Growth is relatively fast.",نبات عصاري فريد بسيقان زاحفة أو متسلقة وأوراق رفيعة طويلة تشبه الإبر. نبات سهل جداً ومثالي للمبتدئين، يتحمل الجفاف ويعطي منظراً مميزاً معلقاً أو متدلياً. نموه سريع نسبياً.,good,Water regularly during hot Cairo summers. Protect from harsh afternoon sun.,Reduce watering in cooler months. Maintain in bright location.,
silver_queen,Silver Queen,Aglaonema 'Silver Queen',Aglaonema,Araceae,أجلونيما الملكة الفضية,beginner,foliage,no,weekly: Water when top 2 inches are dry.,medium_indirect,Adapts to various light conditions,well_draining,10-35°C (optimal: 22°C),medium,monthly,Silver Queen - Aglaonema 'Silver Queen'. Easy-care plant perfect for beginners. Forgiving and adaptable.,أجلونيما الملكة الفضية - Aglaonema 'Silver Queen'. نبات زينة داخلي جميل يضيف لمسة طبيعية للمكان. يحتاج لعناية منتظمة ومناسب للبيئة المصرية.,excellent,Increase watering frequency in Cairo's hot summer. Provide shade from direct afternoon sun.,Reduce watering in winter. Protect from cold drafts.,
silver_ruffles_succulent,Silver Ruffles Succulent,Cotyledon undulata,Cotyledon,Crassulaceae,كوتيليدون المتموج,beginner,succulent,yes,every_2_weeks: Water when soil is completely dry. Less in winter.,bright_indirect,Needs bright light to thrive,cactus_succulent,10-35°C (optimal: 22°C),low,rarely,Silver Ruffles Succulent - Cotyledon undulata. Low-maintenance plant perfect for beginners. Requires minimal watering.,كوتيليدون المتموج - Cotyledon undulata. نبات زينة داخلي جميل يضيف لمسة طبيعية للمكان. سهل العناية ولا يحتاج للكثير من الماء. مثالي للمبتدئين.,excellent,Increase watering frequency in Cairo's hot summer. Provide shade from direct afternoon sun.,Reduce watering in winter. Protect from cold drafts.,
snake_plant_golden_flame,Snake Plant Golden Flame,Sansevieria trifasciata,Sansevieria,Asparagaceae,سيف سنسفيريا اللهب الذهبي,beginner,succulent,no,"every_3_weeks: Water deeply but infrequently. Allow soil to dry completely between waterings. Extremely drought-tolerant, can survive weeks without water.",bright_indirect,Highly adaptable to all light conditions. Golden coloring intensifies in brighter light. Tolerates low light but grows slower.,well_draining,10-40°C (optimal: 24°C),low,quarterly,Snake Plant Golden Flame - Stunning variety with bright golden-yellow margins and dark green centers. Extremely hardy and drought-tolerant. Perfect for beginners and busy plant owners.,سانسيفيريا اللهب الذهبي - نوع مذهل بحواف صفراء ذهبية زاهية ومراكز خضراء داكنة. قوي جداً ومقاوم للجفاف. مثالي للمبتدئين وأصحاب النباتات المشغولين.,excellent,Thrives in Cairo's hot summers (35-40°C). Can be placed outdoors in partial shade. Water every 3-4 weeks. Extremely heat-tolerant.,Perfect for Cairo winters (10-20°C). Reduce watering to once a month or less. Keep in bright spot indoors. Very cold-hardy.,
snake_plant_laurentii,Snake Plant Laurentii,Sansevieria trifasciata,Sansevieria,Asparagaceae,سانسيفيريا لورانتي,beginner,succulent,no,"every_3_weeks: Water sparingly. Let soil dry completely between waterings. Overwatering is the main killer - when in doubt, don't water.",medium_light,Extremely versatile. Survives in low light but yellow margins are more vibrant in medium to bright indirect light.,well_draining,10-40°C (optimal: 22°C),low,quarterly,Snake Plant Laurentii - Classic variety with striking yellow-gold margins and dark green horizontal bands. One of the most popular and recognizable snake plant varieties. Extremely low-maintenance.,سانسيفيريا لورانتي - نوع كلاسيكي بحواف صفراء ذهبية مذهلة وأشرطة أفقية خضراء داكنة. أحد أشهر وأكثر أنواع السانسيفيريا شهرة. سهل العناية جداً.,excellent,Excellent for Cairo's dry heat (35-40°C). Can handle full sun if acclimated gradually. Water every 3 weeks. Minimal care needed.,Very resilient in Cairo winters (10-20°C). Water once a month maximum. Perfect for air-conditioned offices and homes.,
snake_plant_moonshine,Snake Plant Moonshine,Sansevieria trifasciata,Sansevieria,Asparagaceae,سانسيفيريا ضوء القمر,beginner,succulent,no,every_3_weeks: Minimal watering needed. Water only when soil is bone dry. Thick leaves store water efficiently.,bright_indirect,Best in bright indirect light to maintain silver coloring. Tolerates lower light but may darken slightly.,well_draining,12-38°C (optimal: 24°C),low,quarterly,"Snake Plant Moonshine - Elegant variety with stunning pale silver-green leaves. Modern aesthetic with sleek, uniform coloring. Same easy-care characteristics as other snake plants.",سانسيفيريا ضوء القمر - نوع أنيق بأوراق فضية خضراء شاحبة مذهلة. جمالية حديثة بلون أنيق وموحد. نفس خصائص العناية السهلة مثل باقي السانسيفيريا.,excellent,Keep in bright indirect light during Cairo summers (35-40°C). Avoid harsh afternoon sun which may scorch silver leaves. Water every 3-4 weeks.,Perfect for Cairo winters (10-20°C). Minimal watering needed (once a month). Beautiful addition to modern interiors.,
snake_plant_zeylanica,Snake Plant Zeylanica,Sansevieria zeylanica,Sansevieria,Asparagaceae,سانسيفيريا زيلانيكا,beginner,succulent,no,every_3_weeks: Water infrequently. Highly drought-tolerant. Better to underwater than overwater. Can survive long periods without water.,medium_light,Highly adaptable to any light condition. One of the most tolerant snake plant varieties. Grows well even in offices with fluorescent light.,well_draining,10-42°C (optimal: 22°C),low,quarterly,Snake Plant Zeylanica - Hardy variety with distinctive wavy horizontal bands and dark green mottled leaves. Slightly more textured than other varieties. Incredibly resilient and forgiving.,سانسيفيريا زيلانيكا - نوع قوي بأشرطة أفقية متموجة مميزة وأوراق خضراء داكنة منقطة. أكثر نسيجاً قليلاً من الأنواع الأخرى. مرن ومتسامح بشكل لا يصدق.,excellent,Extremely heat-tolerant for Cairo summers (35-40°C). Can be placed outdoors in shade or partial sun. Water every 3-4 weeks maximum.,One of the most cold-hardy snake plants for Cairo winters (10-20°C). Water monthly or less. Perfect for neglectful plant owners.,
soft_blush_philodendron,Soft Blush Philodendron,Philodendron 'Soft Blush',Philodendron,Araceae,فيلودندرون الخوخ الناعم,beginner,tropical,no,weekly: Water when top 2-3cm of soil is dry. Keep soil slightly moist.,bright_indirect,Prefers bright indirect light,well_draining,10-35°C (optimal: 22°C),medium,monthly,Soft Blush Philodendron - Philodendron 'Soft Blush'. Easy-care plant perfect for beginners. Forgiving and adaptable.,فيلودندرون الخوخ الناعم - Philodendron 'Soft Blush'. نبات زينة داخلي جميل يضيف لمسة طبيعية للمكان. يحتاج لعناية منتظمة ومناسب للبيئة المصرية.,excellent,Increase watering frequency in Cairo's hot summer. Provide shade from direct afternoon sun.,Reduce watering in winter. Protect from cold drafts.,
soft_spears,Soft Spears,Sansevieria cylindrica,Sansevieria,Asparagaceae,سانسيفيريا الأسطوانية,beginner,succulent,no,every_2_weeks: Water when soil is completely dry. Less in winter.,bright_indirect,Needs bright light to thrive,cactus_succulent,10-35°C (optimal: 22°C),low,rarely,Soft Spears - Sansevieria cylindrica. Low-maintenance plant perfect for beginners. Requires minimal watering.,سانسيفيريا الأسطوانية - Sansevieria cylindrica. نبات زينة داخلي جميل يضيف لمسة طبيعية للمكان. سهل العناية ولا يحتاج للكثير من الماء. مثالي للمبتدئين.,excellent,Increase watering frequency in Cairo's hot summer. Provide shade from direct afternoon sun.,Reduce watering in winter. Protect from cold drafts.,
song_of_india,Song of India,Dracaena reflexa,Dracaena,Asparagaceae,أغنية الهند,beginner,tropical,no,weekly: Allow top half of soil to dry between waterings. Sensitive to fluoride in tap water.,bright_indirect,Bright indirect light maintains variegation. Lower light causes leggy growth.,well_draining,16-27°C (optimal: 22°C),medium,monthly_growing_season,Attractive shrub with yellow-edged green leaves arranged in spiral rosettes. Slow-growing architectural plant.,شجيرة جذابة بأوراق خضراء ذات حواف صفراء مرتبة في وردات حلزونية. نبات معماري بطيء النمو.,excellent,Regular watering. Can tolerate some outdoor shade. Use filtered water.,Reduce watering. Maintain indoor warmth above 16°C.,
spider_plant,Spider Plant,Chlorophytum comosum,Chlorophytum,Asparagaceae,نبات العنكبوت,beginner,foliage,yes,"weekly: Regular watering, very forgiving if you forget occasionally.",bright_indirect,"Adaptable to various light conditions, variegation best in bright light",well_draining,15-30°C (optimal: 22°C),medium,monthly_growing_season,"Spider Plant is one of the easiest plants to propagate and care for. Characterized by long leaves striped with white or yellow. Produces baby plants hanging on long stems resembling spiders. Excellent for purifying air and removing pollutants. Fast-growing and propagates easily, making it a perfect gift for friends.",نبات العنكبوت من أسهل النباتات في الإكثار والعناية. يتميز بأوراقه الطويلة المخططة باللون الأبيض أو الأصفر. ينتج نباتات صغيرة معلقة على سيقان طويلة تشبه العناكب. ممتاز لتنقية الهواء وإزالة الملوثات. سريع النمو ويتكاثر بسهولة مما يجعله هدية مثالية للأصدقاء.,excellent,"Perfect for Cairo summers, may produce more babies","Keep in bright spots, reduce fertilizing",
stapelia,Starfish Flower,Stapelia,Stapelia,Apocynaceae,زهرة نجم البحر,beginner,succulent,yes,every_2_weeks: Water when soil is completely dry. Less in winter.,bright_indirect,Needs bright light to thrive,cactus_succulent,10-35°C (optimal: 22°C),low,rarely,A unique succulent plant with thick green stems and stunning starfish-shaped flowers. The flowers are large and beautiful but have a strong odor. A very easy plant perfect for beginners; withstands neglect and blooms easily.,نبات عصاري فريد من نوعه بسيقان خضراء سميكة وأزهار على شكل نجم البحر مذهلة. الأزهار كبيرة وجميلة لكن لها رائحة قوية. نبات سهل جداً ومثالي للمبتدئين، يتحمل الإهمال ويزهر بسهولة.,good,Water regularly during hot Cairo summers. Protect from harsh afternoon sun.,Reduce watering in cooler months. Maintain in bright location.,
stenocereus_griseus_cactus_large,Stenocereus Griseus,Stenocereus griseus,Stenocereus,Cactaceae,صبار ستينوسيريوس الرمادي,beginner,succulent,yes,every_3_weeks: Water sparingly. Let soil dry completely between waterings.,bright_direct,"Needs lots of bright light, loves direct sun",cactus_succulent,10-40°C (optimal: 25°C),low,rarely,"Stenocereus Griseus Cactus is a majestic columnar plant growing to large sizes, characterized by its beautiful blue-gray color, deep ribs, and strong spines. It is an ideal cactus for modern interior decor and adds a distinctive desert character to the place.",صبار ستينوسيريوس الرمادي هو نبات عمودي مهيب ينمو إلى أحجام كبيرة، يتميز بلونه الرمادي المزرق الجميل وأضلاعه العميقة وأشواكه القوية. إنه صبار مثالي للديكور الداخلي الحديث ويضيف طابعاً صحراوياً مميزاً للمكان.,good,Water regularly during hot Cairo summers. Protect from harsh afternoon sun.,Reduce watering in cooler months. Maintain in bright location.,
string_of_bananas,String of Bananas,Senecio radicans,Senecio,Asteraceae,سلسلة الموز,beginner,succulent,no,bi_weekly: Water deeply when soil is completely dry. Less sensitive than String of Pearls.,bright_indirect,Bright light with some morning sun. More shade-tolerant than String of Pearls.,cactus_mix,10-30°C (optimal: 21°C),low,monthly_diluted,Trailing succulent with banana-shaped leaves. Similar care to String of Pearls but faster growing.,عصاري متدلي بأوراق على شكل موز. عناية مشابهة لسلسلة اللؤلؤ لكن أسرع نمواً.,excellent,Can handle heat well. Water sparingly. Protect from intense afternoon sun.,Minimal watering. Can tolerate cooler temperatures.,
string_of_hearts,String of Hearts,Ceropegia woodii,Ceropegia,Apocynaceae,سلسلة القلوب,beginner,succulent,yes,bi_weekly: Water when soil is mostly dry. Stores water in tuberous roots.,bright_indirect,Bright light enhances variegation. Can handle some direct morning sun.,well_draining,15-30°C (optimal: 22°C),low,monthly_growing_season,Delicate trailing succulent with heart-shaped variegated leaves. Low-maintenance and charming.,عصاري متدلي رقيق بأوراق على شكل قلب متنوعة. قليل الصيانة وساحر.,excellent,Growth period. Regular watering and bright indirect light.,Slow growth. Reduce watering frequency significantly.,
string_of_pearls,String of Pearls,Senecio rowleyanus,Senecio,Asteraceae,سلسلة اللؤلؤ,intermediate,succulent,no,bi_weekly: Water deeply when pearls wrinkle slightly. Sensitive to overwatering.,bright_indirect,Bright indirect light with some direct sun for compact growth.,cactus_mix,10-32°C (optimal: 21°C),low,monthly_diluted,Unique succulent with pearl-like leaves cascading on thin stems. Excellent hanging plant.,عصاري فريد بأوراق تشبه اللؤلؤ متدلية على سيقان رفيعة. ممتاز كنبات معلق.,good,Protect from intense afternoon sun. Water sparingly even in heat.,Minimal watering. Can tolerate cooler temperatures but protect from frost.,
sunshine_fig,Sunshine Fig,Ficus benjamina,Ficus,Moraceae,فيكس الشمس المشرقة,intermediate,tropical,no,weekly: Water when top 2-3cm of soil is dry. Keep soil slightly moist.,bright_indirect,Prefers bright indirect light,well_draining,15-30°C (optimal: 22°C),medium,monthly,Sunshine Fig - Ficus benjamina 'Starlight'. Moderate care requirements with rewarding growth.,فيكس الشمس المشرقة - Ficus benjamina 'Starlight'. نبات زينة داخلي جميل يضيف لمسة طبيعية للمكان. يحتاج لعناية منتظمة ومناسب للبيئة المصرية.,good,Increase watering frequency in Cairo's hot summer. Provide shade from direct afternoon sun.,Reduce watering in winter. Protect from cold drafts.,
sunstriped_agave,Sun-Striped Agave,Agave desmettiana,Agave,Asparagaceae,صبار الأغاف المخطط,beginner,succulent,no,every_2_weeks: Water when soil is completely dry. Less in winter.,bright_indirect,Needs bright light to thrive,cactus_succulent,10-35°C (optimal: 22°C),low,rarely,Sun-Striped Agave - Agave desmettiana 'Variegata'. Low-maintenance plant perfect for beginners. Requires minimal watering.,صبار الأغاف المخطط - Agave desmettiana 'Variegata'. نبات زينة داخلي جميل يضيف لمسة طبيعية للمكان. سهل العناية ولا يحتاج للكثير من الماء. مثالي للمبتدئين.,excellent,Increase watering frequency in Cairo's hot summer. Provide shade from direct afternoon sun.,Reduce watering in winter. Protect from cold drafts.,
sword_fern,Sword Fern,Nephrolepis exaltata,Nephrolepis,Nephrolepidaceae,سرخس السيف,intermediate,fern,yes,twice_weekly: Keep soil consistently moist but not soggy,medium_indirect,Prefers medium to bright indirect light,well_draining_potting,15-28°C (optimal: 20°C),high,monthly,"Sword Fern (Nephrolepis exaltata), also known as Boston Fern, is one of the most famous and beautiful indoor ferns. Its long feathery drooping fronds are bright green and very soft. A classic plant for hanging baskets and large pots. Purifies the air efficiently and is safe for animals. Loves high humidity and may require slightly more care. Adds a romantic tropical touch to decor.",سرخس السيف (نيفروليبس إكسالتاتا) المعروف أيضاً بسرخس بوسطن، من أشهر نباتات السرخس الداخلية وأجملها. أوراقه الريشية الطويلة المتدلية خضراء زاهية وناعمة جداً. نبات كلاسيكي للسلال المعلقة والأصص الكبيرة. ينقي الهواء بكفاءة عالية وآمن للحيوانات. يحب الرطوبة العالية وقد يتطلب عناية أكثر قليلاً. يضيف لمسة استوائية رومانسية للديكور.,good,Water regularly during hot Cairo summers. Protect from harsh afternoon sun.,Reduce watering in cooler months. Maintain in bright location.,
syngonium_confetti,Syngonium Confetti,Syngonium podophyllum,Syngonium,Araceae,سينجونيوم كونفيتي,beginner,vine,no,weekly: Water when top 2 inches dry. Likes consistent moisture.,bright_indirect,Prefers bright indirect light but tolerates medium light,well_draining_potting,15-30°C (optimal: 22°C),high,monthly,"Syngonium Confetti is a distinctive variety with leaves speckled with white and cream dots and spots on a green background, resembling confetti sprinkles. A beautiful and fast-growing climbing plant, adding a unique artistic touch to interior spaces. Easy to care for and purifies the air. Can be grown climbing on a pole or trailing from a hanging basket. Perfect for modern decor.",سينجونيوم كونفيتي صنف مميز بأوراقه المرقطة بنقاط وبقع بيضاء وكريمية على خلفية خضراء، تشبه رش الكونفيتي. نبات متسلق جميل وسريع النمو، يضيف لمسة فنية فريدة للمساحات الداخلية. سهل العناية وينقي الهواء. يمكن تربيته متسلقاً على عمود أو متدلياً من سلة معلقة. مثالي للديكور العصري.,good,Water regularly during hot Cairo summers. Protect from harsh afternoon sun.,Reduce watering in cooler months. Maintain in bright location.,
syngonium_mix,Syngonium Mix,Syngonium podophyllum,Syngonium,Araceae,سينجونيوم متنوع,beginner,vine,no,weekly: Water when top 2 inches dry. Likes consistent moisture.,bright_indirect,Prefers bright indirect light but tolerates medium light,well_draining_potting,15-30°C (optimal: 22°C),high,monthly,"Syngonium Mix is a blend of different Syngonium varieties in multiple colors of green, pink, and white. A great choice for getting a beautiful variety of colors in one plant. An easy-care and fast-growing climbing plant, purifies the air and is perfect for beginners. Can be grown in different shapes as desired. Perfect for those who love variety and surprises.",سينجونيوم متنوع عبارة عن مزيج من أصناف السينجونيوم المختلفة بألوان متعددة من الأخضر والوردي والأبيض. خيار رائع للحصول على تنوع جميل من الألوان في نبات واحد. نبات متسلق سهل العناية وسريع النمو، ينقي الهواء ومثالي للمبتدئين. يمكن تربيته بأشكال مختلفة حسب الرغبة. مثالي لمن يحب التنوع والمفاجآت.,good,Water regularly during hot Cairo summers. Protect from harsh afternoon sun.,Reduce watering in cooler months. Maintain in bright location.,
syngonium_yellow,Syngonium Yellow,Syngonium podophyllum,Syngonium,Araceae,سينجونيوم أصفر,beginner,vine,no,weekly: Water when top 2 inches dry. Likes consistent moisture.,bright_indirect,Prefers bright indirect light but tolerates medium light,well_draining_potting,15-30°C (optimal: 22°C),high,monthly,"Yellow Syngonium (Neon Robusta) is a tropical climbing plant with stunning bright neon lemon-yellow leaves. One of the rarest and most beautiful Syngonium varieties, adding exceptional brightness and vitality to interior spaces. A fast-growing and easy-care plant, it purifies the air and adapts to different conditions. The vibrant yellow color makes it a living art piece.",سينجونيوم الأصفر (نيون روبوستا) نبات استوائي متسلق بأوراق صفراء ليمونية نيون زاهية مذهلة. من أندر وأجمل أصناف السينجونيوم، يضيف إشراقة وحيوية استثنائية للمساحات الداخلية. نبات سريع النمو وسهل العناية، ينقي الهواء ويتكيف مع الظروف المختلفة. اللون الأصفر النابض بالحياة يجعله قطعة فنية حية.,good,Water regularly during hot Cairo summers. Protect from harsh afternoon sun.,Reduce watering in cooler months. Maintain in bright location.,
tigers_jaw,Tiger's Jaw,Faucaria tigrina,Faucaria,Aizoaceae,فك النمر,beginner,succulent,yes,bi_weekly: Water when completely dry. Reduce significantly in winter dormancy.,bright_direct,Needs bright light with several hours of direct sun for flowering.,cactus_mix,10-32°C (optimal: 24°C),low,monthly_diluted,Unique succulent with fleshy leaves lined with soft teeth. Yellow daisy-like flowers.,عصاري فريد بأوراق لحمية مبطنة بأسنان ناعمة. أزهار صفراء تشبه الأقحوان.,excellent,Active growth. Regular watering and full sun. May flower in late summer.,Dormancy period. Minimal watering. Keep dry and cool.,
tradescantia,Inch Plant,Tradescantia zebrina,Tradescantia,Commelinaceae,ترادسكانتيا (نبات الإنش),beginner,vine,yes,weekly: Water when top 2 inches are dry,bright_indirect,Prefers bright indirect light,well_draining_potting,15-30°C (optimal: 22°C),medium,monthly,"A fast-growing climbing or creeping plant with beautiful colorful leaves that may be green, purple, or striped. A very easy plant perfect for beginners, can be grown as a hanging or creeping plant. Grows quickly and propagates easily from cuttings.",نبات متسلق أو زاحف سريع النمو بأوراق ملونة جميلة قد تكون خضراء، أرجوانية، أو مخططة. نبات سهل جداً ومثالي للمبتدئين، يمكن تربيته كنبات معلق أو زاحف. ينمو بسرعة ويتكاثر بسهولة من العقل.,good,Water regularly during hot Cairo summers. Protect from harsh afternoon sun.,Reduce watering in cooler months. Maintain in bright location.,
velvet_calathea,Velvet Calathea,Calathea warscewiczii,Calathea,Marantaceae,كلاثيا المخملية,advanced,tropical,yes,weekly: Water when top 2-3cm of soil is dry. Keep soil slightly moist.,bright_indirect,Prefers bright indirect light,well_draining,18-28°C (optimal: 23°C),medium,monthly,Velvet Calathea - Calathea warscewiczii. Requires attentive care including proper humidity and watering.,كلاثيا المخملية - Calathea warscewiczii. نبات زينة داخلي جميل يضيف لمسة طبيعية للمكان. يحتاج لعناية منتظمة ومناسب للبيئة المصرية.,good,Increase watering frequency in Cairo's hot summer. Provide shade from direct afternoon sun.,Reduce watering in winter. Protect from cold drafts.,
venus_flytrap,Venus Flytrap,Dionaea muscipula,Dionaea,Droseraceae,مصيدة ذبابة الزهرة,advanced,carnivorous,yes,twice_weekly: Keep soil constantly moist with DISTILLED or RAINWATER only. Never tap water.,bright_direct,Needs 4+ hours of direct sun daily for healthy traps.,sphagnum_peat_mix,5-35°C (optimal: 21°C),high,never,"Famous carnivorous plant that catches insects. Requires special care - distilled water only, no fertilizer.",نبات آكل لحوم شهير يصطاد الحشرات. يحتاج عناية خاصة - ماء مقطر فقط، بدون تسميد.,challenging,Very challenging in Cairo's dry heat and hard water. Needs pure water source and high humidity.,Requires cool dormancy period (0-10°C) for 3-4 months. Very difficult in warm climate.,
watermelon_pellionia,Watermelon Pellionia,Pellionia repens,Pellionia,Urticaceae,بيليونيا البطيخ,intermediate,foliage,yes,weekly: Water when top 2 inches are dry.,medium_indirect,Adapts to various light conditions,well_draining,15-30°C (optimal: 22°C),medium,monthly,"A trailing stunner with bold, silvery-green leaves marked like brushstrokes and reddish undersides that glow when they catch the light. The Pellionia pulchra isn’t the easiest plant, but she's worth it if you’re looking for something unique and dramatic. Perfect for hanging baskets or shelves where her vines can spill down in style.",بيليونيا البطيخ (نبات متدلي مذهل بأوراق خضراء فضية جريئة مرسومة زي ضربات الفرشاة وجوانب سفلية حمراء تتوهج عندما يلامسها الضوء. ليست النبتة الأسهل، لكنها تستحق العناء إذا كنت تبحث عن شيء فريد ودرامي. مثالية للسلال المعلقة أو الرفوف حيث يمكن لكرومها أن تتدلى بأناقة.,good,Increase watering frequency in Cairo's hot summer. Provide shade from direct afternoon sun.,Reduce watering in winter. Protect from cold drafts.,
white_flamingo_flower,White Flamingo Flower,Anthurium andraeanum,Anthurium,Araceae,أنثوريوم أبيض,intermediate,flowering,no,twice_weekly: Keep soil consistently moist during blooming season.,bright_indirect,Bright indirect light for best flowering,well_draining,15-30°C (optimal: 22°C),high,monthly,"elegant white blooms and glossy green leaves. The white flamingo flower adds a calm, clean touch to any room. she blooms for months with the right care and light. easy to keep happy with consistent light and moisture.",زهرة الفلامنجو البيضاء (أنثوريوم) تتميز بأزهار بيضاء أنيقة وأوراق خضراء لامعة. تضفي لمسة هادئة ونظيفة ونقية على أي غرفة. تزهر لعدة أشهر مع العناية والضوء المناسبين. من السهل الحفاظ على سعادتها مع توفر ضوء ورطوبة ثابتين.,good,Increase watering frequency in Cairo's hot summer. Provide shade from direct afternoon sun.,Reduce watering in winter. Protect from cold drafts.,
white_nerve,White Nerve,Fittonia albivenis,Fittonia,Acanthaceae,فيتونيا بيضاء,intermediate,foliage,yes,weekly: Water when top 2 inches are dry.,medium_indirect,Adapts to various light conditions,well_draining,15-30°C (optimal: 22°C),medium,monthly,"she stands out with bright green leaves traced with soft pink veins. Fittonias are dramatic — they wilt when thirsty, then bounce back after a drink. care level: moderate, prefers bright indirect light and a steady routine.",نبات العصب الوردي (فيتونيا) يتميز بأوراق خضراء زاهية مخططة بعروق وردية ناعمة. الفيتونيا نبات درامي — تذبل عندما تكون عطشى، ثم تنتعش بعد الشرب. مستوى العناية: متوسط، يفضل الضوء الساطع غير المباشر والروتين الثابت.,good,Increase watering frequency in Cairo's hot summer. Provide shade from direct afternoon sun.,Reduce watering in winter. Protect from cold drafts.,
white_pothos,White Pothos,Epipremnum spp.,Epipremnum,Araceae,البوتس الأبيض,beginner,vine,yes,weekly: Water when top 2 inches are dry,bright_indirect,Prefers bright indirect light,well_draining_potting,15-30°C (optimal: 22°C),medium,monthly,"A beautiful climbing plant characterized by green leaves with stunning creamy white spots. An easy-care and fast-growing plant, perfect for beginners. Can be grown as a hanging plant or climbing on a support. Purifies the air and adds an aesthetic touch to the place.",نبات متسلق جميل يتميز بأوراقه الخضراء مع بقع بيضاء كريمية مذهلة. نبات سهل العناية وسريع النمو، مثالي للمبتدئين. يمكن تربيته كنبات معلق أو متسلق على دعامة. ينقي الهواء ويضيف لمسة جمالية للمكان.,good,Water regularly during hot Cairo summers. Protect from harsh afternoon sun.,Reduce watering in cooler months. Maintain in bright location.,
yucca_ananas,Yucca Ananas,Yucca aloifolia,Yucca,Asparagaceae,يوكا الأناناس,intermediate,foliage,yes,weekly: Water when top 2 inches are dry,bright_indirect,Prefers bright indirect light,well_draining_potting,15-30°C (optimal: 22°C),medium,monthly,"A miniature Yucca plant with thick green sword-like leaves and a growth rosette resembling a pineapple. A strong plant that withstands difficult conditions, perfect for beginners. Adds an elegant tropical touch to interior decor with a suitable size.",نبات يوكا مصغر بأوراق خضراء سميكة تشبه السيف وردة نمو تشبه الأناناس. نبات قوي ومتحمل للظروف الصعبة، مثالي للمبتدئين. يضيف لمسة استوائية أنيقة للديكور الداخلي بحجم مناسب.,good,Water regularly during hot Cairo summers. Protect from harsh afternoon sun.,Reduce watering in cooler months. Maintain in bright location.,
yucca_elephantipes,Spineless Yucca,Yucca elephantipes,Yucca,Asparagaceae,يوكا بدون أشواك (قدم الفيل),intermediate,foliage,yes,weekly: Water when top 2 inches are dry,bright_indirect,Prefers bright indirect light,well_draining_potting,15-30°C (optimal: 22°C),medium,monthly,"A classic Yucca plant with a thick trunk resembling an elephant's foot and long shiny green leaves without thorns. A very strong and resilient plant, perfect for offices and homes. Can reach large heights and live for many years.",نبات يوكا كلاسيكي بجذع سميك يشبه قدم الفيل وأوراق خضراء طويلة لامعة بدون أشواك. نبات قوي جداً ومتحمل، مثالي للمكاتب والمنازل. يمكن أن يصل لارتفاعات كبيرة ويعيش لسنوات طويلة.,good,Water regularly during hot Cairo summers. Protect from harsh afternoon sun.,Reduce watering in cooler months. Maintain in bright location.,
zz_plant,ZZ Plant,Zamioculcas zamiifolia,Zamioculcas,Araceae,نبات زي زي,beginner,tropical,no,every_3_weeks: Water deeply but infrequently. Extremely drought tolerant.,low_light,"Thrives in low light, perfect for offices and windowless rooms",well_draining,15-32°C (optimal: 24°C),low,quarterly,"The ZZ Plant is one of the strongest indoor plants and most tolerant of neglect. Characterized by its shiny thick leaves growing on strong stems. Known for its ability to store water in its tuberous roots, making it drought-resistant. Perfect for beginners and offices as it does not require constant care. Grows slowly but lives for many years.",نبات الزي زي من أقوى النباتات الداخلية وأكثرها تحملاً للإهمال. يتميز بأوراقه اللامعة السميكة التي تنمو على سيقان قوية. يُعرف بقدرته على تخزين الماء في جذوره الدرنية، مما يجعله مقاوماً للجفاف. مثالي للمبتدئين والمكاتب حيث لا يحتاج إلى عناية مستمرة. ينمو ببطء لكنه يعيش لسنوات طويلة.,excellent,"Can handle Cairo heat well, minimal care needed","Perfect for heated indoor spaces, reduce watering further",